study_id,cohort,title,doi,year,stage_primary,rq2_status,rq2_role,decision_timing_coded,observed_decision_timing,source_level,rationale
1,Historical,A Clinically Interpretable Approach for Early Detection of Autism Using Machine Learning With Explainable AI,10.1109/access.2025.3586314,2025,Screening,Proposed only,Triage/questionnaire assessment,Pre-decision,Not observed in assessed sources,Supplied abstract/coding notes; no new full-text verification,"Public age-specific screening datasets; five-fold CV and SHAP. Physician interpretation is proposed, not evaluated in a clinical workflow. Background mentions do not establish five clinical stages."
2,Historical,Searching for a minimal set of behaviors for autism detection through feature selection-based machine learning,10.1038/tp.2015.7,2015,Screening,Proposed only,Triage/questionnaire assessment,Pre-decision,Not observed in assessed sources,Supplied abstract/coding notes; no new full-text verification,"ADOS score sheets are structured behavioral records, not unspecified data. The reduced behavioral set is proposed for preliminary triage; no prospective use of the resulting model is described."
3,Historical,The use of data independent acquisition based proteomic analysis and machine learning to reveal potential biomarkers for autism spectrum disorder,10.1016/j.jprot.2023.104872,2023,Diagnosis,Research only,Automated measurement/classification,Not observed in assessed sources,Not observed in assessed sources,Supplied abstract/coding notes; no new full-text verification,Plasma proteomics with DIA/MRM and machine-learning biomarker selection. Molecular assay verification alone does not establish external validation of the predictive model.
5,Historical,Metabolomics as a tool for discovery of biomarkers of autism spectrum disorder in the blood plasma of children,10.1371/journal.pone.0112445,2014,Diagnosis,Research only,Automated measurement/classification,Not observed in assessed sources,Not observed in assessed sources,Primary-source full text (targeted sections),"Metabolomic classification and feature-ranking study. The held-out 21 participants were randomly partitioned from the same 82-participant cohort; this is internal holdout validation, despite the authors' external-sample terminology."
6,Historical,Sparsifying machine learning models identify stable subsets of predictive features for behavioral detection of autism,10.1186/s13229-017-0180-6,2017,Screening,Proposed only,Triage/questionnaire assessment,Pre-decision,Not observed in assessed sources,Supplied abstract/coding notes; no new full-text verification,ADOS score sheets and demographic covariates; sparse models intended to shorten assessment. No clinical use of predictions is evaluated. Comparing ML models is not hybrid ML/DL integration.
7,Historical,Transformer-based deep learning ensemble framework predicts autism spectrum disorder using health administrative and birth registry data,10.1038/s41598-025-90216-8,2025,Prognosis,Proposed only,Risk/trajectory estimation,Pre-decision,Not observed in assessed sources,Supplied abstract/coding notes; no new full-text verification,Linked maternal-newborn administrative and registry records predict a future ASD diagnosis at 18-60 months. Population prescreening is a proposed use; the implemented endpoint is prognostic.
8,Historical,A Closed-Loop Ear-Worn Wearable EEG System with Real-Time Passive Electrode Skin Impedance Measurement for Early Autism Detection †,10.3390/s24237489,2024,Screening,Proposed only,Mobile assessment,Pre-decision,Not observed in assessed sources,Supplied abstract/coding notes; no new full-text verification,"Ear-worn EEG hardware with on-chip classification is bench-tested using the Old Dominion University ASD dataset. A deployed wearable screening workflow is proposed, not demonstrated by a real-time hardware benchmark."
9,Historical,An automated assessment framework for atypical prosody and stereotyped idiosyncratic phrases related to autism spectrum disorder,10.1016/j.csl.2018.11.002,2019,Diagnosis,Research only,Automated measurement/classification,Not observed in assessed sources,Not observed in assessed sources,Supplied abstract/coding notes; no new full-text verification,Acoustic and transcript-based ADOS-code prediction is evaluated offline. Audio and transcript tasks are described separately; classifier score fusion is not itself evidence of independent-source fusion.
10,Historical,Artificial Intelligence Driven Predictive Analysis of Acoustic and Linguistic Behaviors for ASD Identification,10.1109/tai.2024.3439288,2024,Diagnosis,Research only,Automated measurement/classification,Not observed in assessed sources,Not observed in assessed sources,Supplied abstract/coding notes; no new full-text verification,"Speech-derived acoustic and linguistic biomarkers are evaluated in Hindi and English; no active clinician-facing workflow is documented in the assessed abstract.
Acoustic and linguistic representations from speech; language variation is not independent input modality."
11,Historical,Data Mining-Based Model for Computer-Aided Diagnosis of Autism and Gelotophobia: Mixed Methods Deep Learning Approach.,10.2196/72115,2025,Diagnosis,Proposed only,Diagnostic decision support,In-decision,Not observed in assessed sources,Primary-source full text (targeted sections),Facial-image classification and questionnaire-assisted gelotophobia assessment are proposed for clinical use. Retain the expression-of-concern flag; diagnostic performance is not evidence of deployment.
12,Historical,Effect of Wearable Digital Intervention for Improving Socialization in Children with Autism Spectrum Disorder: A Randomized Clinical Trial,10.1001/jamapediatrics.2019.0285,2019,Monitoring/intervention,Evaluated AI-supported intervention,Adaptive intervention,Post-decision,Post-decision,Supplied abstract/coding notes; no new full-text verification,Superpower Glass provides AI-generated facial-expression feedback in a randomized home intervention. Standard ABA therapy and outcome scales are not additional AI input modalities.
13,Historical,Feature Signature Discovery for Autism Detection: An Automated Machine Learning Based Feature Ranking Framework,10.1155/2023/6330002,2023,Screening,Research only,Automated measurement/classification,Not observed in assessed sources,Not observed in assessed sources,Supplied abstract/coding notes; no new full-text verification,Q-CHAT-based tabular screening datasets and automated ML model ranking. Discussion of deep-learning comparators does not make the proposed AutoML framework deep learning.
14,Historical,Functional neuroimaging of high-risk 6-month-old infants predicts a diagnosis of autism at 24 months of age,10.1126/scitranslmed.aag2882,2017,Prognosis,Research only,Risk/trajectory estimation,Not observed in assessed sources,Not observed in assessed sources,Supplied abstract/coding notes; no new full-text verification,Prospective infant fcMRI cohort predicts research diagnosis at 24 months using internal cross-validation. Prospective data collection is not prospective clinical use of model outputs.
15,Historical,Hybrid CNN and random forest model with late fusion for detection of autism spectrum disorder in Toddlers,10.1016/j.mex.2025.103278,2025,Screening,Proposed only,Triage/questionnaire assessment,Pre-decision,Not observed in assessed sources,Supplied abstract/coding notes; no new full-text verification,The source describes facial-image and questionnaire models with late fusion. Participant-level pairing and independence of the two datasets are not established by the abstract; no evaluated clinical workflow is claimed.
16,Historical,Machine Learning Approaches for the Early Diagnosis of Autism Spectrum Disorder: A Systematic Framework,10.1007/978-3-031-81083-1_7,2025,Screening,Proposed only,Triage/questionnaire assessment,Pre-decision,Not observed in assessed sources,Supplied abstract/coding notes; no new full-text verification,"The abstract describes screening-assessment datasets and neural-network training, with an intended early-screening system. Detailed architecture and deployment are not established."
17,Historical,Machine learning classification of autism spectrum disorder based on reciprocity in naturalistic social interactions,10.1038/s41398-024-02802-5,2024,Diagnosis,Research only,Automated measurement/classification,Not observed in assessed sources,Not observed in assessed sources,Supplied abstract/coding notes; no new full-text verification,Naturalistic interaction videos are computationally annotated and classified offline; the source explicitly places routine-care generalization in future work.
18,Historical,Multiparametric MRI characterization and prediction in autism spectrum disorder using graph theory and machine learning,10.1371/journal.pone.0090405,2014,Diagnosis,Research only,Automated measurement/classification,Not observed in assessed sources,Not observed in assessed sources,Supplied abstract/coding notes; no new full-text verification,"Multiparametric MRI and graph-theoretic features are analyzed with machine learning, not necessarily a graph neural network. Multi-center data and multiple MRI-derived feature types are reported."
19,Historical,Multivariate Neural Connectivity Patterns in Early Infancy Predict Later Autism Symptoms,10.1016/j.bpsc.2020.06.003,2021,Prognosis,Research only,Risk/trajectory estimation,Not observed in assessed sources,Not observed in assessed sources,Supplied abstract/coding notes; no new full-text verification,Three-month EEG predicts ADOS scores at 18 months in a longitudinal research cohort. A future clinical endpoint distinguishes prognosis from cross-sectional diagnosis.
20,Historical,Testing the accuracy of an observation-based classifier for rapid detection of autism risk.,10.1038/tp.2014.65,2014,Screening,Proposed only,Triage/questionnaire assessment,Pre-decision,Not observed in assessed sources,Supplied abstract/coding notes; no new full-text verification,A previously developed shortened ADOS classifier is tested on an independent 2616-child sample. This is external model evaluation but not an observed clinical triage deployment.
21,Historical,Using deep learning to classify developmental differences in reaching and placing movements in children with and without autism spectrum disorder,10.1038/s41598-024-81652-z,2024,Diagnosis,Research only,Automated measurement/classification,Not observed in assessed sources,Not observed in assessed sources,Supplied abstract/coding notes; no new full-text verification,Deep classification uses reaching/placing movement kinematics; age groups and diagnostic labels are not separate data modalities. Clinical deployment is not evaluated.
22,Historical,A CNN deep local and global ASD classification approach with continuous wavelet transform using task-based FMRI,10.3390/s21175822,2021,Diagnosis,Proposed only,Diagnostic decision support,In-decision,Not observed in assessed sources,Supplied abstract/coding notes; no new full-text verification,"Task-fMRI CAD with local/global CNN classifiers and a proposed severity map. Speech is the eliciting stimulus, not the model's audio input. Clinical interpretation remains proposed."
23,Historical,A new machine learning model based on induction of rules for autism detection,10.1177/1460458218824711,2020,Screening,Proposed only,Triage/questionnaire assessment,Pre-decision,Not observed in assessed sources,Supplied abstract/coding notes; no new full-text verification,Questionnaire-derived datasets support a rule-learning classifier whose rules are intended for domain-expert interpretation. Retain the specified rule family rather than forcing a decision-tree label.
24,Historical,A Novel Grading System for Autism Severity Level Using Task-Based Functional MRI: A Response to Speech Study,10.1109/access.2021.3097606,2021,Diagnosis,Proposed only,Diagnostic decision support,In-decision,Not observed in assessed sources,Supplied abstract/coding notes; no new full-text verification,A task-fMRI framework grades contemporaneous ASD severity. Speech stimulation is not voice-data modeling; oversampling and repeated random splits are internal validation only.
27,Historical,An analytics-driven model for identifying autism spectrum disorder using eye tracking,10.1016/j.health.2025.100409,2025,Screening,Research only,Triage/questionnaire assessment,Not observed in assessed sources,Not observed in assessed sources,Supplied abstract/coding notes; no new full-text verification,Saliency4ASD eye-movement features are evaluated with several ML/DL models. The assessed material does not identify one primary model; comparison alone does not establish a hybrid architecture.
28,Historical,An evaluation of machine learning approaches for early diagnosis of autism spectrum disorder,10.1016/j.health.2023.100293,2024,Screening,Research only,Triage/questionnaire assessment,Not observed in assessed sources,Not observed in assessed sources,Supplied abstract/coding notes; no new full-text verification,Public age-specific screening datasets are analyzed with classification and clustering. The proposed ANN is emphasized for the pooled dataset; no prospective diagnostic use is shown.
29,Historical,An intellectual autism spectrum disorder classification framework in healthcare industry using ViT-based adaptive deep learning model,10.1016/j.bspc.2025.107737,2025,Diagnosis,Proposed only,Diagnostic decision support,In-decision,Not observed in assessed sources,Supplied abstract/coding notes; no new full-text verification,"MRI classification uses a vision transformer, residual DenseNet and LSTM in a deep-learning architecture. Combining deep components is not ML/DL hybrid integration."
30,Historical,Analysis and Detection of Autism Spectrum Disorder Using Machine Learning Techniques,10.1016/j.procs.2020.03.399,2020,Screening,Research only,Triage/questionnaire assessment,Not observed in assessed sources,Not observed in assessed sources,Supplied abstract/coding notes; no new full-text verification,Three public tabular screening datasets are evaluated. CNN is the reported best-performing model; evaluating conventional ML baselines does not make this a hybrid model.
31,Historical,ASD classification for children using deep neural network,10.1016/j.gltp.2021.08.042,2021,Screening,Research only,Triage/questionnaire assessment,Not observed in assessed sources,Not observed in assessed sources,Supplied abstract/coding notes; no new full-text verification,A UCI child screening dataset is classified using a DNN. The word diagnosis does not demonstrate specialist diagnostic workflow use.
32,Historical,ASD-GraphNet: A novel graph learning approach for Autism Spectrum Disorder diagnosis using fMRI data,10.1016/j.compbiomed.2025.110723,2025,Diagnosis,Research only,Automated measurement/classification,Not observed in assessed sources,Not observed in assessed sources,Supplied abstract/coding notes; no new full-text verification,ASD-GraphNet describes engineered brain-graph features and conventional classifiers. Graph analysis is not assumed to be a graph neural network; no clinician-facing implementation is evaluated.
33,Historical,Automated identification of postural control for children with autism spectrum disorder using a machine learning approach,10.1016/j.jbiomech.2020.110073,2020,Diagnosis,Research only,Automated measurement/classification,Not observed in assessed sources,Not observed in assessed sources,Supplied abstract/coding notes; no new full-text verification,"Force-plate postural-control features are classified in 50 children; naive Bayes is the reported optimal classifier. This is experimental motor-phenotype classification, not deep learning."
34,Historical,Distributed Intrinsic Functional Connectivity Patterns Predict Diagnostic Status in Large Autism Cohort,10.1089/brain.2017.0496,2017,Diagnosis,Research only,Automated measurement/classification,Not observed in assessed sources,Not observed in assessed sources,Supplied abstract/coding notes; no new full-text verification,"ABIDE resting-state connectivity classification is externally tested in an in-house dataset with substantially lower accuracy. This supports external/cross-dataset evaluation, not stable transportability or clinical deployment."
35,Historical,Enhancing diagnosis of autism with optimized machine learning models and personal characteristic data,10.3389/fncom.2019.00009,2019,Diagnosis,Research only,Automated measurement/classification,Not observed in assessed sources,Not observed in assessed sources,Supplied abstract/coding notes; no new full-text verification,Only six demographic/IQ characteristics from ABIDE are modeled. The fact that the parent resource is a neuroimaging database does not make these MRI inputs.
36,Historical,Investigating multiclass autism spectrum disorder classification using machine learning techniques,10.1016/j.prime.2024.100602,2024,Screening,Research only,Triage/questionnaire assessment,Not observed in assessed sources,Not observed in assessed sources,Supplied abstract/coding notes; no new full-text verification,Different models perform best across age-specific and pooled screening endpoints. A single universally best classifier is not identifiable from the reported comparisons.
37,Historical,Jellyfish Search Optimization with Deep Learning Driven Autism Spectrum Disorder Classification,10.32604/cmc.2023.032586,2023,Screening,Research only,Triage/questionnaire assessment,Not observed in assessed sources,Not observed in assessed sources,Supplied abstract/coding notes; no new full-text verification,"Cross-sectional ASD classification, not temporal prognosis. Abstract identifies GRU but not the biomedical input source; distinct benchmark datasets do not establish fusion."
38,Historical,Machine learning analysis of pregnancy data enables early identification of a subpopulation of newborns with ASD,10.1038/s41598-021-86320-0,2021,Prognosis,Proposed only,Risk/trajectory estimation,Pre-decision,Not observed in assessed sources,Supplied abstract/coding notes; no new full-text verification,"Retrospective pregnancy and birth measurements predict later ASD. Numeric ultrasound measurements are structured records, not raw imaging inputs. SHAP is explicitly documented in source coding notes."
39,Historical,Machine Learning-Based Blood RNA Signature for Diagnosis of Autism Spectrum Disorder,10.3390/ijms24032082,2023,Diagnosis,Research only,Automated measurement/classification,Not observed in assessed sources,Not observed in assessed sources,Supplied abstract/coding notes; no new full-text verification,"Blood RNA sequencing classifier; abstract calls for further independent validation, not a deployed diagnostic workflow."
40,Historical,Metabolomic analysis of maternal mid-gestation plasma and cord blood in autism spectrum disorders,10.1038/s41380-023-02051-w,2023,Prognosis,Research only,Risk/trajectory estimation,Not observed in assessed sources,Not observed in assessed sources,Supplied abstract/coding notes; no new full-text verification,"Maternal mid-gestation and cord-blood metabolomic profiles predict subsequent ASD. Source describes separate analyses, not demonstrated combined-input prediction."
41,Historical,Predictors of age at diagnosis in autism spectrum disorders: the use of multiple regression analyses and a classification tree on a clinical sample,10.1007/s00787-023-02189-6,2023,Not specified,Research only,Research characterization,Not observed in assessed sources,Not observed in assessed sources,Supplied abstract/coding notes; no new full-text verification,Retrospective predictors of age at diagnosis; relevant care-pathway characterization but no uniquely supported prospective clinical stage.
42,Historical,"Promoting emotional and behavioral interventions in ASD treatment: Evidence from EPIGRAM, A naturalistic, prospective and longitudinal study",10.1016/j.ridd.2024.104688,2024,Prognosis,Research only,Risk/trajectory estimation,Not observed in assessed sources,Not observed in assessed sources,Supplied abstract/coding notes; no new full-text verification,Prognostic analysis of 12-month intervention outcomes. Prospective patient follow-up is not evidence that AI selected or adapted the treatment.
43,Historical,The role of the dopamine system in autism spectrum disorder revealed using machine learning: an ABIDE database–based study,10.1093/cercor/bhaf022,2025,Diagnosis,Research only,Automated measurement/classification,Not observed in assessed sources,Not observed in assessed sources,Supplied abstract/coding notes; no new full-text verification,fMRI analysis of dopaminergic regions. Multiple brain regions and computational representations do not establish separate data modalities or deep learning.
44,Historical,Using Artificial Intelligence to Identify Factors Associated with Autism Spectrum Disorder in Adolescents with Cerebral Palsy,10.1055/s-0039-1685525,2019,Diagnosis,Research only,Risk/trajectory estimation,Not observed in assessed sources,Not observed in assessed sources,Supplied abstract/coding notes; no new full-text verification,"ASD co-occurrence is the model endpoint in adolescents with cerebral palsy; multicentre clinical variables, not a prospective risk forecast."
45,Historical,Using resting state functional MRI to build a personalized autism diagnosis system,10.1371/journal.pone.0206351,2018,Diagnosis,Proposed only,Diagnostic decision support,In-decision,Not observed in assessed sources,Supplied abstract/coding notes; no new full-text verification,"Actual ML-DL pipeline is stated; PSD features and autoencoder representations originate from the same resting-state fMRI. Personalized reports were proposed, not evaluated in clinician decisions."
46,Historical,A Model to Support the Prediction of Indicators in the Diagnosis and Intervention of Autism Spectrum Disorder,10.1007/978-3-031-48642-5_7,2023,Monitoring/intervention,Proposed only,Adaptive intervention,Post-decision,Not observed in assessed sources,Supplied abstract/coding notes; no new full-text verification,Ongoing NLP project uses conversations or writing to inform intervention indicators. Proposed architecture is not sufficient to assert an implemented deep-learning family or a clinical intervention deployment.
47,Historical,A novel multi-modal model to assist the diagnosis of autism spectrum disorder using eye-tracking data,10.1007/s13755-024-00299-2,2024,Diagnosis,Research only,Automated measurement/classification,Not observed in assessed sources,Not observed in assessed sources,Supplied abstract/coding notes; no new full-text verification,"Scanpaths, distances and fixation durations derive from eye tracking; multiple representations do not by themselves establish multisource integration. All named components are neural, not an ML-DL hybrid."
49,Historical,A Triple-Pooling Graph Neural Network for\&#xa0;Multi-scale Topological Learning of\&#xa0;Brain Functional Connectivity: Application to\&#xa0;ASD Diagnosis,10.1007/978-3-030-93049-3_30,2021,Diagnosis,Research only,Automated measurement/classification,Not observed in assessed sources,Not observed in assessed sources,Supplied abstract/coding notes; no new full-text verification,Functional brain-connectivity graphs are derived from resting-state fMRI; graph neural network is retained as its own family rather than Other or conventional CNN.
51,Historical,Bilinear Perceptual Fusion Algorithm Based on Brain Functional and Structural Data for ASD Diagnosis and Regions of Interest Identification,10.1007/s12539-024-00651-w,2024,Diagnosis,Proposed only,Diagnostic decision support,In-decision,Not observed in assessed sources,Supplied abstract/coding notes; no new full-text verification,Explicit deep graph architecture fuses structural and functional brain data; within-neuroimaging multimodal integration is retained.
52,Historical,Computer-aided diagnosis of autism spectrum disorder from EEG signals using deep learning with FAWT and multiscale permutation entropy features,10.1177/09544119221141751,2023,Diagnosis,Proposed only,Diagnostic decision support,In-decision,Not observed in assessed sources,Supplied abstract/coding notes; no new full-text verification,EEG wavelet and entropy preprocessing followed by CNN; comparison with conventional classifiers is not an integrated ML-DL hybrid or demonstrated clinician use.
53,Historical,Development and validation of a machine learning-based tool to predict autism among children,10.1002/aur.2912,2023,Prognosis,Proposed only,Risk/trajectory estimation,Pre-decision,Not observed in assessed sources,Supplied abstract/coding notes; no new full-text verification,Linked maternal and infant administrative records predict later ASD; not a contemporaneous diagnostic or deployed clinical tool.
54,Historical,"Diagnostic classification of intrinsic functional connectivity highlights somatosensory, default mode, and visual regions in autism",10.1016/j.nicl.2015.04.002,2015,Diagnosis,Research only,Automated measurement/classification,Not observed in assessed sources,Not observed in assessed sources,Supplied abstract/coding notes; no new full-text verification,ABIDE resting-state fMRI classification. Identification of informative functional connections provides partial interpretability; multisite data alone are not cross-site testing.
57,Historical,Evaluation and benchmarking of hybrid machine learning models for autism spectrum disorder diagnosis using a 2-tuple linguistic neutrosophic fuzzy sets-based decision-making model,10.1007/s00521-024-09905-6,2024,Diagnosis,Research only,Diagnostic decision support,Not observed in assessed sources,Not observed in assessed sources,Supplied abstract/coding notes; no new full-text verification,"Linguistic neutrosophic sets are the ranking representation, not patient natural-language inputs. Empirical data comprise medical and sociodemographic variables."
58,Historical,Event Related Potential Analysis Using Machine Learning to Predict Diagnostic Outcome of Autism Spectrum Disorder,10.1007/978-3-030-88163-4_7,2021,Prognosis,Research only,Risk/trajectory estimation,Not observed in assessed sources,Not observed in assessed sources,Supplied abstract/coding notes; no new full-text verification,Six-month infant EEG event-related potentials predict subsequent diagnostic outcome; visual stimuli are not image inputs to the model.
59,Historical,Functional Connectivities Are More Informative Than Anatomical Variables in Diagnostic Classification of Autism,10.1089/brain.2019.0689,2019,Diagnosis,Research only,Automated measurement/classification,Not observed in assessed sources,Not observed in assessed sources,Supplied abstract/coding notes; no new full-text verification,"Diagnostic comparison and explicit fusion of anatomical MRI, DWI and functional MRI; not monitoring or intervention."
61,Historical,Identifying Visual Attention Features Accurately Discerning Between Autism and Typically Developing: a Deep Learning Framework,10.1007/s12539-022-00510-6,2022,Diagnosis,Proposed only,Diagnostic decision support,In-decision,Not observed in assessed sources,Supplied abstract/coding notes; no new full-text verification,Visual-attention classification and explicit feature-dissection by segmentation and image ablation. No longitudinal intervention was evaluated.
63,Historical,Improving fMRI-Based Autism Severity Identification via Brain Network Distance and Adaptive Label Distribution Learning,10.1109/tnsre.2024.3516216,2025,Diagnosis,Proposed only,Diagnostic decision support,In-decision,Not observed in assessed sources,Supplied abstract/coding notes; no new full-text verification,"Current symptom-severity identification from fMRI, not prediction of future course. The named method is retained rather than forcing it into an unsupported MLP family."
64,Historical,Leveraging hybrid model of ConvNextBase and LightGBM for early ASD detection via eye-gaze analysis,10.1016/j.mex.2025.103166,2025,Screening,Research only,Automated measurement/classification,Not observed in assessed sources,Not observed in assessed sources,Supplied abstract/coding notes; no new full-text verification,"True neural feature extractor plus conventional boosted-tree classifier; public eye-gaze image benchmark, not clinical screening deployment."
65,Historical,Modified Grasshopper Optimization Algorithm for detection of Autism Spectrum Disorder,10.1016/j.phycom.2020.101115,2020,Screening,Research only,Triage/questionnaire assessment,Not observed in assessed sources,Not observed in assessed sources,Supplied abstract/coding notes; no new full-text verification,Three age-specific questionnaire screening datasets; repeated model evaluation on different cohorts does not establish external validation or fused data.
66,Historical,"Motor Signature Differences Between Autism Spectrum Disorder and Developmental Coordination Disorder, and Their Neural Mechanisms",10.1007/s10803-023-06171-8,2023,Diagnosis,Research only,Automated measurement/classification,Not observed in assessed sources,Not observed in assessed sources,Supplied abstract/coding notes; no new full-text verification,"Tablet movement classification with ancillary fMRI correlations; principal prediction uses kinematics, not a demonstrated multimodal fused network."
67,Historical,Novelty detection using deep normative modeling for imu-based abnormal movement monitoring in parkinson’s disease and autism spectrum disorders,10.3390/s18103533,2018,Monitoring/intervention,Proposed only,Monitoring/longitudinal analysis,Post-decision,Not observed in assessed sources,Supplied abstract/coding notes; no new full-text verification,"Wearable IMU movement novelty detection is behavioral kinematics rather than electrophysiology. Evaluation is on benchmark datasets, not prospective patient-facing monitoring."
68,Historical,Perceived social support in adults with autism spectrum disorder and attention-deficit/hyperactivity disorder,10.1002/aur.1735,2017,Not specified,Research only,Research characterization,Not observed in assessed sources,Not observed in assessed sources,Supplied abstract/coding notes; no new full-text verification,Cross-sectional prediction of perceived social support in ASD/ADHD; relevant care characterization but not ASD diagnostic classification or future prognosis.
69,Historical,Regional-Asymmetric Adaptive Graph Convolutional Neural Network for Diagnosis of Autism in Children with Resting-State EEG,10.1109/tnsre.2023.3347134,2024,Diagnosis,Research only,Automated measurement/classification,Not observed in assessed sources,Not observed in assessed sources,Supplied abstract/coding notes; no new full-text verification,Subject-independent internal cross-validation on resting EEG. Graph convolutional architecture is explicitly identified; no external cohort is described.
70,Historical,Relationship between abnormal intrinsic functional connectivity of subcortices and autism symptoms in high-functioning adults with autism spectrum disorder,10.1016/j.pscychresns.2023.111762,2024,Diagnosis,Research only,Automated measurement/classification,Not observed in assessed sources,Not observed in assessed sources,Supplied abstract/coding notes; no new full-text verification,Concurrent ASD classification from fMRI or clinical scores. Separate predictors and correlations do not establish temporal prognosis or deep learning.
72,Historical,Transdiagnostic symptom subtypes across autism spectrum disorders and attention deficit hyperactivity disorder: validated by measures of neurocognition and structural connectivity,10.1186/s12888-022-03734-4,2022,Diagnosis,Research only,Automated measurement/classification,Not observed in assessed sources,Not observed in assessed sources,Supplied abstract/coding notes; no new full-text verification,Symptom-defined transdiagnostic subtyping with ancillary cognitive and structural-connectivity validation. Clustering is not automatically deep learning; validation of cluster correlates is not external predictive validation.
73,Historical,A Convolutional Neural Network Combined With Prototype Learning Framework for Brain Functional Network Classification of Autism Spectrum Disorder,10.1109/tnsre.2021.3120024,2021,Diagnosis,Research only,Automated measurement/classification,Not observed in assessed sources,Not observed in assessed sources,Supplied abstract/coding notes; no new full-text verification,Multisite fMRI benchmark is explicitly described. Inter-site biomarker claims alone do not establish a held-out-site experiment.
74,Historical,A heterogeneous graph convolutional attention network method for classification of autism spectrum disorder,10.1186/s12859-023-05495-7,2023,Diagnosis,Research only,Automated measurement/classification,Not observed in assessed sources,Not observed in assessed sources,Supplied abstract/coding notes; no new full-text verification,Graph framework combines fMRI connectivity and phenotype information; semantic attention is not itself proof of a validated explanation method.
75,Historical,A monitoring system for patients of autism spectrum disorder using artificial intelligence,10.1007/978-3-030-59277-6_23,2020,Monitoring/intervention,Proposed only,Monitoring/longitudinal analysis,Post-decision,Not observed in assessed sources,Publisher abstract and bibliographic metadata,"Proposed sensor and facial-expression monitoring with caregiver alerts. Accessible description does not document a participant-facing empirical evaluation.
Accessible abstract proposes a system but does not establish original empirical AI evaluation; retain inherited inclusion with uncertainty and exclude in stricter-evidence sensitivity."
77,Historical,Age-Specific Diagnostic Classification of ASD Using Deep Learning Approaches,10.3233/shti230794,2023,Diagnosis,Research only,Automated measurement/classification,Not observed in assessed sources,Not observed in assessed sources,Supplied abstract/coding notes; no new full-text verification,"Functional-connectivity matrices from fMRI are represented as heatmaps; they remain neuroimaging, not EEG or photographs. ABIDE I and II use does not specify independent train-test separation."
78,Historical,An Automatic Framework for Detecting Autism Spectrum Disorder From EEG Signals Using TFD,10.1109/jsen.2024.3362341,2024,Diagnosis,Research only,Automated measurement/classification,Not observed in assessed sources,Not observed in assessed sources,Supplied abstract/coding notes; no new full-text verification,Time-frequency image representations originate from EEG and remain physiological data; alternative transforms do not establish additional sources.
79,Historical,Applying Machine Learning to Kinematic and Eye Movement Features of a Movement Imitation Task to Predict Autism Diagnosis,10.1038/s41598-020-65384-4,2020,Diagnosis,Research only,Automated measurement/classification,Not observed in assessed sources,Not observed in assessed sources,Supplied abstract/coding notes; no new full-text verification,Motion tracking and eye tracking are explicitly combined and an independent sample is tested; multisource integration can occur within the behavioral domain.
80,Historical,Artificial intelligence analysis of newborn leucocyte epigenomic markers for the prediction of autism,10.1016/j.brainres.2019.146457,2019,Prognosis,Research only,Risk/trajectory estimation,Not observed in assessed sources,Not observed in assessed sources,Supplied abstract/coding notes; no new full-text verification,"Newborn leukocyte methylation predicts subsequent ASD; biological input, not electrophysiological signal. Main neural architecture is not supplied in abstract."
81,Historical,Autism Detection in Children using Common Spatial Patterns of MEG Signals,10.1109/embc40787.2023.10340449,2023,Diagnosis,Research only,Automated measurement/classification,Not observed in assessed sources,Not observed in assessed sources,Supplied abstract/coding notes; no new full-text verification,"MEG band-power classification; spatial patterns are described as putative biomarkers, with no clinician-facing deployment."
82,Historical,Autism Spectrum Disorder detection framework for children based on federated learning integrated CNN-LSTM,10.1016/j.compbiomed.2023.107539,2023,Screening,Proposed only,Triage/questionnaire assessment,Pre-decision,Not observed in assessed sources,Supplied abstract/coding notes; no new full-text verification,"Named inputs are structured developmental screening instruments. Federated simulation does not demonstrate deployment, independent clinical sites, or held-out-site generalization; actual cross-instrument patient pairing remains unverified.
Federated simulation claims across named instruments; participant linkage and provenance are not established in accessible evidence."
84,Historical,Creating a diagnostic assessment model for autism spectrum disorder by differentiating lexicogrammatical choices through machine learning,10.1371/journal.pone.0311209,2024,Diagnosis,Proposed only,Diagnostic decision support,In-decision,Not observed in assessed sources,Supplied abstract/coding notes; no new full-text verification,Spoken language is transcribed and modeled as text; comparison with an interpretable logistic baseline does not establish an RNN architecture.
85,Historical,Diagnosing autism spectrum disorder in children using conventional MRI and apparent diffusion coefficient based deep learning algorithms,10.1007/s00330-021-08239-4,2022,Diagnosis,Research only,Automated measurement/classification,Not observed in assessed sources,Not observed in assessed sources,Supplied abstract/coding notes; no new full-text verification,Additional independently acquired subjects form a test cohort. FLAIR and ADC are explicitly combined; attention as architecture is not sufficient for strict explainability.
86,Historical,"Dissecting the heterogeneity of autism spectrum disorder with sensory behavior, brain, and epigenetic factors",10.1038/s41398-025-03566-2,2025,Diagnosis,Research only,Automated measurement/classification,Not observed in assessed sources,Not observed in assessed sources,Supplied abstract/coding notes; no new full-text verification,"Integrated sensory behavior, neuroimaging and saliva methylation; XGBoost is conventional machine learning, not deep learning."
88,Historical,Facial Emotions Are Accurately Encoded in the Neural Signal of Those With Autism Spectrum Disorder: A Deep Learning Approach,10.1016/j.bpsc.2021.03.015,2022,Not specified,Research only,Research characterization,Not observed in assessed sources,Not observed in assessed sources,Supplied abstract/coding notes; no new full-text verification,"EEG emotion decoding across ASD and non-ASD samples is mechanistic characterization, not an evaluated intervention. Replication across samples does not alone establish transfer of a frozen classifier.
Independent sample replication reported; a trained-model transfer test is not established in accessible abstract."
89,Historical,Feasibility Testing of a Wearable Behavioral Aid for Social Learning in Children with Autism,10.1055/s-0038-1626727,2018,Monitoring/intervention,Evaluated AI-supported intervention,Assistive support,Post-decision,Post-decision,Supplied abstract/coding notes; no new full-text verification,"Controlled feasibility experiment supplied emotion labels via wearable glasses to participants. The separate ASD classifier is an ancillary analysis, not proof of clinical ASD diagnosis using glasses.
Wearable feedback was evaluated in a laboratory; not routine care and not an external validation of ASD diagnosis."
90,Historical,Handwriting-Based ADHD Detection for Children Having ASD Using Machine Learning Approaches,10.1109/access.2023.3302903,2023,Diagnosis,Research only,Automated measurement/classification,Not observed in assessed sources,Not observed in assessed sources,Supplied abstract/coding notes; no new full-text verification,Tablet handwriting features classify ADHD with co-occurring ASD versus healthy controls. Included as ASD-related differential assessment; specificity for ASD alone cannot be inferred.
91,Historical,Integrating Graph Convolutional Networks (GCNNs) and Long Short-Term Memory (LSTM) for Efficient Diagnosis of Autism,10.1007/978-3-031-09342-5_11,2022,Diagnosis,Research only,Automated measurement/classification,Not observed in assessed sources,Not observed in assessed sources,Supplied abstract/coding notes; no new full-text verification,"ABIDE fMRI; combining graph and recurrent neural networks remains deep learning, not a conventional-ML/DL hybrid."
92,Historical,Learning discriminative functional connectivity networks for identifying Autism spectrum disorder,10.1016/j.bspc.2024.107466,2025,Diagnosis,Research only,Automated measurement/classification,Not observed in assessed sources,Not observed in assessed sources,Supplied abstract/coding notes; no new full-text verification,"Projection-matrix and connectivity learning, with no deep architecture specified in accessible source. A mathematical brain network is not automatically a neural network."
94,Historical,Optimizing a de novo artificial intelligence-based medical device under a predetermined change control plan: Improved ability to detect or rule out pediatric autism,10.1016/j.ibmed.2023.100102,2023,Diagnosis,Proposed only,Diagnostic decision support,In-decision,Not observed in assessed sources,Supplied abstract/coding notes; no new full-text verification,"Authorized device algorithm update is not itself evidence of prospective physician use of the new version. Source describes diagnostic threshold optimization, not general screening or an explicit deep architecture."
95,Historical,Physician Versus Large Language Model Chatbot Responses to Web-Based Questions From Autistic Patients in Chinese: Cross-Sectional Comparative Analysis,10.2196/54706,2024,Monitoring/intervention,Research only,Assistive support,Not observed in assessed sources,Not observed in assessed sources,Supplied abstract/coding notes; no new full-text verification,Comparison of generated versus physician answers to archived patient questions; no real-time clinical advice delivery or intervention is evaluated.
97,Historical,Predicting Core Characteristics of ASD Through Facial Emotion Recognition and Eye Tracking in Youth.,10.1109/embc44109.2020.9176843,2020,Diagnosis,Research only,Automated measurement/classification,Not observed in assessed sources,Not observed in assessed sources,Supplied abstract/coding notes; no new full-text verification,"Predicts contemporaneous SRS-2/RBS-R scores from emotion-task performance and eye tracking; diagnostic characterization, not a longitudinal prognostic endpoint."
98,Historical,Self-supervised machine learning approach for autism detection in young children using MEG signals,10.1016/j.bspc.2024.106671,2024,Diagnosis,Research only,Automated measurement/classification,Not observed in assessed sources,Not observed in assessed sources,Supplied abstract/coding notes; no new full-text verification,MEG remains the input despite speech pretraining; best reported classifier is neural. An alternative SVM branch is documented but not substituted for the principal pipeline.
100,Historical,Sex Differences in Functional Gradients and Dynamic Functional Connectivity in Preschool-Aged Children With ASD,10.1111/cns.70562,2025,Diagnosis,Research only,Automated measurement/classification,Not observed in assessed sources,Not observed in assessed sources,Supplied abstract/coding notes; no new full-text verification,Functional-gradient and dynamic-connectivity MRI features classify ASD versus TD; no deep classifier is specified in the accessible abstract.
102,Historical,Toward continuous social phenotyping: Analyzing gaze patterns in an emotion recognition task for children with autism through wearable smart glasses,10.2196/13810,2020,Screening,Research only,Automated measurement/classification,Not observed in assessed sources,Not observed in assessed sources,Supplied abstract/coding notes; no new full-text verification,"Wearable gaze collection is tested, but diagnostic model performance is investigated offline; a wearable form factor alone does not establish clinical integration."
103,Historical,Using machine learning to identify patterns of lifetime health problems in decedents with autism spectrum disorder,10.1002/aur.1960,2018,Not specified,Research only,Research characterization,Not observed in assessed sources,Not observed in assessed sources,Supplied abstract/coding notes; no new full-text verification,"Lifetime diagnostic-code patterns in decedents are retrospective care characterization, not prospective monitoring or multisource sensor integration."
104,Historical,A Framework for Comparison and Interpretation of Machine Learning Classifiers to Predict Autism on the ABIDE Dataset,10.1002/hbm.70190,2025,Diagnosis,Research only,Automated measurement/classification,Not observed in assessed sources,Not observed in assessed sources,Supplied abstract/coding notes; no new full-text verification,Explicit benchmark compares heterogeneous models under equal testing conditions. Do not call comparison itself a hybrid pipeline; retain ensemble/multiple-model status and explicit SmoothGrad explanations.
105,Historical,A Novel Deep Learning Approach for Recognizing Stereotypical Motor Movements within and across Subjects on the Autism Spectrum Disorder,10.1155/2018/7186762,2018,Monitoring/intervention,Research only,Monitoring/longitudinal analysis,Not observed in assessed sources,Not observed in assessed sources,Supplied abstract/coding notes; no new full-text verification,"Stereotyped-movement recognition from wearable kinematics, including cross-subject transfer. Cross-subject testing is not cross-site robustness."
106,Historical,Analysis of variant interactions in families with autism points to genes involved in the development of the central nervous system,10.1371/journal.pone.0326022,2025,Diagnosis,Research only,Automated measurement/classification,Not observed in assessed sources,Not observed in assessed sources,Supplied abstract/coding notes; no new full-text verification,Human whole-genome family data explicitly support an ASD predictive classifier in addition to gene-enrichment analysis; retained as an original computational diagnostic study.
107,Historical,Detecting High-Functioning Autism in Adults Using Eye Tracking and Machine Learning,10.1109/tnsre.2020.2991675,2020,Screening,Research only,Automated measurement/classification,Not observed in assessed sources,Not observed in assessed sources,Supplied abstract/coding notes; no new full-text verification,Eye tracking across two tasks/studies; separate evaluation groups are not sufficient to assert a trained-model external transfer test. Different stimuli remain a single sensor modality.
108,Historical,Identification of neural connectivity signatures of autism using machine learning,10.3389/fnhum.2013.00670,2013,Diagnosis,Research only,Automated measurement/classification,Not observed in assessed sources,Not observed in assessed sources,Supplied abstract/coding notes; no new full-text verification,"fMRI effective/functional connectivity, DTI and assessment scores were submitted jointly. Imaging stimuli are not behavioral-image inputs; explanatory paths are explicit."
109,Historical,Identifying autism from neural representations of social interactions: Neurocognitive markers of autism,10.1371/journal.pone.0113879,2014,Diagnosis,Research only,Automated measurement/classification,Not observed in assessed sources,Not observed in assessed sources,Supplied abstract/coding notes; no new full-text verification,fMRI social-concept representations discriminate ASD. Principal classifier family is not named in accessible abstract.
110,Historical,Identifying Language and Cognitive Profiles in Children With ASD via a Cluster Analysis Exploration: Implications for the New ICD-11,10.1002/aur.2268,2020,Diagnosis,Research only,Automated measurement/classification,Not observed in assessed sources,Not observed in assessed sources,Supplied abstract/coding notes; no new full-text verification,"Language-task and nonverbal test scores define cognitive/linguistic clinical profiles, not NLP text classification or deep learning."
111,Historical,On the Utility of Parents' Historical Data to Investigate the Causes of Autism Spectrum Disorder: A Data Mining-Based Framework,10.1016/j.irbm.2023.100780,2023,Prescreening,Research only,Risk/trajectory estimation,Not observed in assessed sources,Not observed in assessed sources,Supplied abstract/coding notes; no new full-text verification,Parent-history tabular data and data-mining feature selection; SVM is the principal predictive classifier. Combining clustering and SVM is not a deep-learning hybrid.
112,Historical,Structural variants identified using non-Mendelian inheritance patterns advance the mechanistic understanding of autism spectrum disorder,10.1016/j.xhgg.2022.100150,2023,Diagnosis,Research only,Automated measurement/classification,Not observed in assessed sources,Not observed in assessed sources,Supplied abstract/coding notes; no new full-text verification,Human family genotypes and structural-variant subgroups linked to ASD phenotypes. Not natural-language data; explicit explainable AI analysis is retained without inventing a family.
115,Historical,Electromagnetic Interaction Algorithm (EIA)-Based Feature Selection With Adaptive Kernel Attention Network (AKAttNet) for Autism Spectrum Disorder Classification,10.1002/jdn.70034,2025,Screening,Research only,Triage/questionnaire assessment,Not observed in assessed sources,Not observed in assessed sources,Supplied abstract/coding notes; no new full-text verification,Kernel-attention architecture and optimization are stated; a metaheuristic plus neural classifier is not automatically a conventional ML-DL hybrid. Input source remains unresolved.
116,Historical,Use of machine learning for behavioral distinction of autism and ADHD,10.1038/tp.2015.221,2016,Screening,Proposed only,Triage/questionnaire assessment,Pre-decision,Not observed in assessed sources,Supplied abstract/coding notes; no new full-text verification,SRS item reduction for caregiver-directed preclinical screening/triage is explicitly proposed; no clinical deployment. Differential ASD/ADHD classification uses structured instrument scores.
117,Historical,A Machine Learning Strategy for Autism Screening in Toddlers,10.1097/dbp.0000000000000668,2019,Screening,Proposed only,Triage/questionnaire assessment,Pre-decision,Not observed in assessed sources,Supplied abstract/coding notes; no new full-text verification,"Archival M-CHAT-R item scoring; depth is not established, so do not label as deep learning. Future automatic scoring is proposed, not deployed in the evaluated workflow."
118,Historical,Early detection of autism using digital behavioral phenotyping,10.1038/s41591-023-02574-3,2023,Screening,Evaluated at point of use,Mobile assessment,Pre-decision,Pre-decision,Supplied abstract/coding notes; no new full-text verification,"Tablet behavioral app administered prospectively during pediatric well-child visits. Real point-of-use evaluation is explicit, but prospective recruitment is distinct from external frozen-model testing."
119,Historical,Ensemble statistical and subspace clustering model for analysis of autism spectrum disorder phenotypes,10.1109/embc.2016.7591440,2016,Diagnosis,Research only,Automated measurement/classification,Not observed in assessed sources,Not observed in assessed sources,Supplied abstract/coding notes; no new full-text verification,"ADI-R/ADOS behavioral phenotyping in a single ASD cohort; diagnostic subtyping, not ongoing intervention or multiple acquisition sites."
120,Historical,Screening autism spectrum disorder in children using machine learning on speech transcripts,10.1038/s41598-025-01500-6,2025,Screening,Research only,Automated measurement/classification,Not observed in assessed sources,Not observed in assessed sources,Supplied abstract/coding notes; no new full-text verification,Explicitly text-only speech transcripts; excludes raw video/audio. Two transcript datasets are not fused data modalities.
122,Historical,A Quantum-Based Machine Learning Approach for Autism Detection Using Common Spatial Patterns of EEG Signals,10.1109/access.2025.3531979,2025,Diagnosis,Research only,Automated measurement/classification,Not observed in assessed sources,Not observed in assessed sources,Supplied abstract/coding notes; no new full-text verification,"Quantum kernel SVM is machine learning, not a deep-learning hybrid. EEG channels and CSP features remain one source."
124,Historical,ASD2-TL∗ GTO: Autism spectrum disorders detection via transfer learning with gorilla troops optimizer framework,10.1016/j.heliyon.2023.e21530,2023,Screening,Research only,Automated measurement/classification,Not observed in assessed sources,Not observed in assessed sources,Supplied abstract/coding notes; no new full-text verification,Primary transfer-learning experiment uses facial images; parallel numeric questionnaire experiments are retained as secondary sources but not fused multimodal inputs.
125,Historical,Diagnosis of Autism Spectrum Disorders in Young Children Based on Resting-State Functional Magnetic Resonance Imaging Data Using Convolutional Neural Networks,10.1007/s10278-019-00196-1,2019,Diagnosis,Proposed only,Diagnostic decision support,In-decision,Not observed in assessed sources,Supplied abstract/coding notes; no new full-text verification,Resting-state fMRI classifier proposed for diagnosis; no observed clinician decision pathway in supplied material.
128,Historical,"Improvement of attention-deficit/hyperactivity disorder symptoms in school-aged children, adolescents, and young adults with autism via a digital smartglasses-based socioemotional coaching aid: Short-term, uncontrolled pilot study",10.2196/mental.9631,2018,Monitoring/intervention,Evaluated AI-supported intervention,Assistive support,Post-decision,Post-decision,Supplied abstract/coding notes; no new full-text verification,Actual uncontrolled participant-facing smartglasses intervention; not screening. Architecture is not inferred from the product being AI-enabled.
129,Historical,Investigating Diagnostic Data and Performance Implications in the Autism AI Dataset,10.1007/978-981-96-6960-8_26,2025,Screening,Research only,Triage/questionnaire assessment,Not observed in assessed sources,Not observed in assessed sources,Supplied abstract/coding notes; no new full-text verification,"Questionnaire-derived labels and imbalance adjustments in a trait-screening dataset. Screening-rule labels are not independent clinical diagnoses.
Outcome labels were partly derived from screening-score rules; model agreement cannot be interpreted as externally validated clinical diagnostic accuracy."
130,Historical,Large-scale examination of early-age sex differences in neurotypical toddlers and those with autism spectrum disorder or other developmental conditions,10.1038/s41562-025-02132-6,2025,Not specified,Research only,Research characterization,Not observed in assessed sources,Not observed in assessed sources,Supplied abstract/coding notes; no new full-text verification,Sex/age developmental phenotyping using standardized assessments and eye tracking. Longitudinal data collection alone is not an evaluated prognostic or monitoring AI system.
131,Historical,Online concerns of parents suspecting autism spectrum disorder in their child: Content analysis of signs and automated prediction of risk,10.2196/jmir.5439,2016,Prescreening,Research only,Risk/trajectory estimation,Not observed in assessed sources,Not observed in assessed sources,Supplied abstract/coding notes; no new full-text verification,Clinical experts label risk from parental online concerns; multiple annotated categories from the same text do not establish multiple data sources.
132,Historical,"Use of machine learning to improve autism screening and diagnostic instruments: Effectiveness, efficiency, and multi‐instrument fusion",10.1111/jcpp.12559,2016,Screening,Proposed only,Triage/questionnaire assessment,Pre-decision,Not observed in assessed sources,Supplied abstract/coding notes; no new full-text verification,Structured ADI-R and SRS codes with explicitly evaluated multi-instrument fusion; not natural-language text input or external validation.
133,Historical,A data driven machine learning approach to differentiate between autism spectrum disorder and attention-deficit/hyperactivity disorder based on the best-practice diagnostic instruments for autism,10.1038/s41598-022-21719-x,2022,Diagnosis,Proposed only,Diagnostic decision support,In-decision,Not observed in assessed sources,Supplied abstract/coding notes; no new full-text verification,ADOS and ADI-R items jointly support differential ASD/ADHD diagnostic classification; scale scores are structured records.
135,Historical,A Deep Neural Network-Based Model for Screening Autism Spectrum Disorder Using the Quantitative Checklist for Autism in Toddlers (QCHAT),10.1007/s10803-021-05141-2,2022,Screening,Research only,Triage/questionnaire assessment,Not observed in assessed sources,Not observed in assessed sources,Supplied abstract/coding notes; no new full-text verification,"QCHAT/QCHAT-10 questionnaire data, not voice. Separate full and short instruments do not establish simultaneous fusion."
136,Historical,A semi-supervised autoencoder for autism disease diagnosis,10.1016/j.neucom.2022.02.017,2022,Diagnosis,Research only,Automated measurement/classification,Not observed in assessed sources,Not observed in assessed sources,Supplied abstract/coding notes; no new full-text verification,"Resting-state fMRI connectivity in ABIDE; internal cross-validation, not external or site-held-out validation."
137,Historical,Applying machine learning on home videos for remote autism diagnosis: Further study and analysis,10.1177/1460458221991882,2021,Screening,Proposed only,Diagnostic decision support,In-decision,Not observed in assessed sources,Supplied abstract/coding notes; no new full-text verification,"Non-clinicians provide structured ratings of home videos; classifier consumes ratings, not raw video pixels. Explicit interpretable companion models support explanation coding."
138,Historical,ASD-SWNet: a novel shared-weight feature extraction and classification network for autism spectrum disorder diagnosis,10.1038/s41598-024-64299-8,2024,Diagnosis,Research only,Automated measurement/classification,Not observed in assessed sources,Not observed in assessed sources,Supplied abstract/coding notes; no new full-text verification,Explicit joint deep architecture using fMRI; nested ten-fold internal cross-validation. Two neural components are not an ML-DL hybrid.
140,Historical,Autism spectrum disorder diagnosis based on deep unrolling-based spatial constraint representation.,10.1007/s11517-023-02859-2,2023,Diagnosis,Research only,Automated measurement/classification,Not observed in assessed sources,Not observed in assessed sources,Supplied abstract/coding notes; no new full-text verification,"End-to-end fMRI brain-network learning and classification; deep unrolling is an explicit architecture, not a generic unspecified method."
141,Historical,Automatic Cry Analysis: Deep Learning for Screening of Autism Spectrum Disorder in Early Childhood,10.1007/s10803-025-06811-1,2025,Screening,Proposed only,Automated measurement/classification,Pre-decision,Not observed in assessed sources,Supplied abstract/coding notes; no new full-text verification,"Acoustic cry classification of already characterized children; screening intent is explicit, but it is not prospective newborn prescreening or multisource integration."
142,Historical,AV-FOS: Transformer-Based Audio-Visual Multimodal Interaction Style Recognition for Children With Autism Using the Revised Family Observation Schedule 3rd Edition (FOS-R-III),10.1109/jbhi.2025.3542066,2025,Monitoring/intervention,Proposed only,Automated measurement/classification,Post-decision,Not observed in assessed sources,Supplied abstract/coding notes; no new full-text verification,Explicit audio-visual fusion for automated family-interaction coding; clinically annotated recordings are not proof of deployment in live care.
143,Historical,Biomarker prediction in autism spectrum disorder using a network-based approach,10.1186/s12920-023-01439-5,2023,Diagnosis,Research only,Automated measurement/classification,Not observed in assessed sources,Not observed in assessed sources,Supplied abstract/coding notes; no new full-text verification,"Human molecular biomarker-discovery algorithms, not deep learning. Clinical interpretation is limited to candidate-feature discovery, not patient-level diagnostic accuracy."
144,Historical,Classifying autism in a clinical population based on motion synchrony: a proof-of-concept study using real-life diagnostic interviews,10.1038/s41598-024-56098-y,2024,Diagnosis,Research only,Automated measurement/classification,Not observed in assessed sources,Not observed in assessed sources,Supplied abstract/coding notes; no new full-text verification,Classifier is trained offline on recorded real-life diagnostic interviews. Clinical provenance of recordings does not mean model outputs supported the clinical decisions.
145,Historical,Clinical Evaluation of a Novel and Mobile Autism Risk Assessment,10.1007/s10803-016-2718-4,2016,Screening,Evaluated at point of use,Mobile assessment,Pre-decision,Pre-decision,Supplied abstract/coding notes; no new full-text verification,"Mobile risk assessment was administered at the first developmental-behavioral clinic visit and compared with the encounter diagnosis. This establishes point-of-use evaluation, not proof of improved clinical decisions."
146,Historical,Comparison of classification algorithms for predicting autistic spectrum disorder using WEKA modeler,10.1186/s12911-022-02050-x,2022,Screening,Research only,Triage/questionnaire assessment,Not observed in assessed sources,Not observed in assessed sources,Supplied abstract/coding notes; no new full-text verification,"Explicit best-performing J48 in classifier comparison; not SVM or a hybrid architecture. Missing-value imputation is preprocessing, not another modality."
147,Historical,DALNN: Dual Attention Learning Neural Network for Diagnosis of Autism Spectrum Disorders and Exploration of Lesion Brain Regions,10.1109/tcss.2025.3593119,2025,Diagnosis,Research only,Automated measurement/classification,Not observed in assessed sources,Not observed in assessed sources,Supplied abstract/coding notes; no new full-text verification,Explicit multimodal fusion and region-of-interest extraction in ABIDE. Site aggregation does not establish cross-site held-out testing.
148,Historical,Detecting Autism Spectrum Disorder and Attention Deficit Hyperactivity Disorder Using Multimodal Time-Frequency Analysis with Machine Learning Using the Electroretinogram from Two Flash Strengths,10.1007/s10803-024-06290-w,2025,Screening,Research only,Automated measurement/classification,Not observed in assessed sources,Not observed in assessed sources,Supplied abstract/coding notes; no new full-text verification,ERG at two flash strengths and two transforms remains a single physiological modality; no deep architecture is identified.
149,Historical,Diagnostic classification for human autism and obsessive-compulsive disorder based on machine learning from a primate genetic model,10.1176/appi.ajp.2020.19101091,2021,Diagnosis,Research only,Automated measurement/classification,Not observed in assessed sources,Not observed in assessed sources,Supplied abstract/coding notes; no new full-text verification,"Retained because the computational method is explicitly evaluated on human ASD datasets, despite its animal-derived prior. Genetically selected brain regions do not constitute human genetic inputs.
Animal-derived feature prior; human ASD evaluation is present. Keep separate from purely non-human studies."
150,Historical,Diagnostic shifts in autism spectrum disorder can be linked to the fuzzy nature of the diagnostic boundary: a data-driven approach,10.1111/jcpp.13406,2021,Diagnosis,Research only,Automated measurement/classification,Not observed in assessed sources,Not observed in assessed sources,Supplied abstract/coding notes; no new full-text verification,Repeated developmental/adaptive scores explain diagnostic instability; no physiological input or deep architecture is supported. Longitudinal characterization is not a prospectively used prediction tool.
151,Historical,Early identification of autism spectrum disorder by multi-instrument fusion: A clinically applicable machine learning approach,10.1016/j.psychres.2023.115050,2023,Diagnosis,Proposed only,Diagnostic decision support,In-decision,Not observed in assessed sources,Supplied abstract/coding notes; no new full-text verification,External 60-child test and comparison with pediatricians are explicit. Separate human-versus-model benchmarking does not establish clinicians using AI in decisions.
152,Historical,Early screening of autism spectrum disorder diagnoses of children using artificial intelligence,10.57197/jdr-2023-0004,2023,Screening,Research only,Triage/questionnaire assessment,Not observed in assessed sources,Not observed in assessed sources,Supplied abstract/coding notes; no new full-text verification,Repository screening dataset with random 80/20 split; tied reported winners retained. Internal holdout is not external validation.
153,Historical,Enhanced Special Needs Assessment: A Multimodal Approach for Autism Prediction,10.1109/access.2024.3453440,2024,Screening,Research only,Automated measurement/classification,Not observed in assessed sources,Not observed in assessed sources,Supplied abstract/coding notes; no new full-text verification,"Explicit facial-image and ADOS-score concatenation. Pairing and label provenance remain relevant validity limitations, not assumptions to fill from performance claims."
154,Historical,Enhancing Early Diagnosis of Autism Spectrum Disorder in Children: A Comparative Analysis of Machine Learning Techniques,10.1007/978-981-97-6995-7_34,2024,Diagnosis,Research only,Automated measurement/classification,Not observed in assessed sources,Not observed in assessed sources,Supplied abstract/coding notes; no new full-text verification,Comparative study names algorithms but not a unique best model or specific data source in the abstract. Preserve multiple-model category rather than inventing a principal family.
155,Historical,Evaluation of AI tools for healthcare networks at the cloud-edge interaction to diagnose autism in educational environments,10.1186/s13677-023-00558-9,2024,Screening,Proposed only,Diagnostic decision support,Pre-decision,Not observed in assessed sources,Supplied abstract/coding notes; no new full-text verification,"Actual described application is facial-image analysis with edge computing. Discussion of EEG, speech and imaging literature is not multisource input to the evaluated system."
156,Historical,Exploring sMRI Biomarkers for Diagnosis of Autism Spectrum Disorders Based on Multi Class Activation Mapping Models,10.1109/access.2021.3069211,2021,Diagnosis,Proposed only,Diagnostic decision support,In-decision,Not observed in assessed sources,Supplied abstract/coding notes; no new full-text verification,"Structural MRI classification with explicitly evaluated visual attribution methods; explanation supports proposed interpretation, not demonstrated clinical use."
157,Historical,Functional connectivity classification of autism identifies highly predictive brain features but falls short of biomarker standards,10.1016/j.nicl.2014.12.013,2015,Diagnosis,Research only,Automated measurement/classification,Not observed in assessed sources,Not observed in assessed sources,Supplied abstract/coding notes; no new full-text verification,"fMRI versus behavioral classifiers are evaluated separately. Independent replication cohort is described, but trained-model transport must not be assumed from replication alone."
158,Historical,Graph Convolutional Networks Based on\&#xa0;Relational Attention Mechanism for\&#xa0;Autism Spectrum Disorders Diagnosis,10.1007/978-3-031-13844-7_33,2022,Diagnosis,Research only,Automated measurement/classification,Not observed in assessed sources,Not observed in assessed sources,Supplied abstract/coding notes; no new full-text verification,ABIDE fMRI functional-connectivity graph classifier; no unspecified modality or generic Other family is needed.
159,Historical,Hybrid similarity based feature selection and cascade deep maxout fuzzy network for Autism Spectrum Disorder detection using EEG signal,10.1016/j.compbiolchem.2024.108177,2024,Diagnosis,Research only,Automated measurement/classification,Not observed in assessed sources,Not observed in assessed sources,Supplied abstract/coding notes; no new full-text verification,Explicit neural and fuzzy-system integration; EEG benchmarks remain a single data modality.
160,Historical,"Imputing cognitive impairment in SPARK, a large autism cohort",10.1002/aur.2622,2022,Not specified,Research only,Research characterization,Not observed in assessed sources,Not observed in assessed sources,Supplied abstract/coding notes; no new full-text verification,"Cognitive-impairment imputation within ASD from parent-reported surveys, with independent evaluation sample. Not ASD detection, deep learning or NLP."
163,Historical,Multichannel Deep Attention Neural Networks for the Classification of Autism Spectrum Disorder Using Neuroimaging and Personal Characteristic Data,10.1155/2020/1357853,2020,Diagnosis,Research only,Automated measurement/classification,Not observed in assessed sources,Not observed in assessed sources,Supplied abstract/coding notes; no new full-text verification,Functional connectomes and personal characteristics are fused. Leave-one-site-out testing is explicit and supports cross-site robustness and site-held-out external validation.
164,Historical,Multimodal Kernel-based discriminant correlation analysis data-fusion approach: an automated autism spectrum disorder diagnostic system,10.1007/s13246-023-01350-4,2024,Diagnosis,Proposed only,Diagnostic decision support,In-decision,Not observed in assessed sources,Supplied abstract/coding notes; no new full-text verification,"Reported EEG, eye-tracking and computational data fusion. Distinct sample cardinalities and ordering require caution: paired-patient multimodal validity is not established by classification accuracy.
Fusion across different sample cardinalities is reported; matched participant-level acquisition is not established in the available abstract."
166,Historical,Research and development of autism diagnosis information system based on deep convolution neural network and facial expression data,10.1108/lht-08-2019-0176,2020,Screening,Proposed only,Diagnostic decision support,Pre-decision,Not observed in assessed sources,Supplied abstract/coding notes; no new full-text verification,"Facial-expression CNN, including public expression datasets and a small additional child sample. No conventional-ML/DL hybrid is identified; diagnostic label validity is insufficiently described.
Original evaluation is reported, but autism-specific labels and diagnostic endpoint versus facial-emotion recognition are not sufficiently clear in accessible description."
168,Historical,Stratification of Children with Autism Spectrum Disorder Through Fusion of Temporal Information in Eye-gaze Scan-Paths,10.1145/3539226,2023,Diagnosis,Research only,Automated measurement/classification,Not observed in assessed sources,Not observed in assessed sources,Supplied abstract/coding notes; no new full-text verification,"Endpoint is ASD versus TD diagnosis, not within-ASD subgrouping. Spatial, temporal and velocity representations originate from the same gaze stream."
169,Historical,The Classification of Abnormal Hand Movement to Aid in Autism Detection: Machine Learning Study,10.2196/33771,2022,Screening,Research only,Automated measurement/classification,Not observed in assessed sources,Not observed in assessed sources,Supplied abstract/coding notes; no new full-text verification,Detects hand flapping from home videos as a candidate screening component; activity recognition is not validated ASD diagnosis or live caregiver support.
170,Historical,The development of a practical artificial intelligence tool for diagnosing and evaluating autism spectrum disorder: Multicenter study,10.2196/15767,2020,Diagnosis,Proposed only,Diagnostic decision support,In-decision,Not observed in assessed sources,Supplied abstract/coding notes; no new full-text verification,Structural MRI HOG features; algorithmic classification and clinical potential do not establish actual workflow use or deep learning.
171,Historical,Toward the Autism Motor Signature: Gesture patterns during smart tablet gameplay identify children with autism,10.1038/srep31107,2016,Screening,Research only,Automated measurement/classification,Not observed in assessed sources,Not observed in assessed sources,Supplied abstract/coding notes; no new full-text verification,"Touch-screen and inertial movement measurements are behavioral motor data, not physiological brain signals. Feasibility classification, not observed clinical screening decisions."
172,Historical,Using #ActuallyAutistic on Twitter for Precision Diagnosis of Autism Spectrum Disorder: Machine Learning Study,10.2196/52660,2024,Screening,Research only,Automated measurement/classification,Not observed in assessed sources,Not observed in assessed sources,Supplied abstract/coding notes; no new full-text verification,"Social-media language classifier uses self-identified autism status; this is a screening-oriented research proxy, not precision clinical diagnosis.
Self-identification or hashtag-derived status is a proxy label, not independent standardized clinical diagnosis."
173,Historical,Using machine learning to improve diagnostic assessment of ASD in the light of specific differential and co-occurring diagnoses,10.1111/jcpp.13650,2023,Diagnosis,Proposed only,Diagnostic decision support,In-decision,Not observed in assessed sources,Supplied abstract/coding notes; no new full-text verification,ADOS item scores with an illustrative web app; named deployment platform is not proof of clinical use. Item importance is explicitly examined.
174,Historical,A Framework to Diagnose Autism Spectrum Disorder Using Morphological Connectivity of sMRI and XGBoost,10.3233/shti230734,2023,Diagnosis,Research only,Automated measurement/classification,Not observed in assessed sources,Not observed in assessed sources,Supplied abstract/coding notes; no new full-text verification,sMRI morphological features and Pearson connectivity feed a boosted-tree classifier; no neural component justifies Hybrid.
175,Historical,A machine learning approach for understanding the metabolomics response of children with autism spectrum disorder to medical cannabis treatment,10.1038/s41598-023-40073-0,2023,Monitoring/intervention,Research only,Monitoring/longitudinal analysis,Not observed in assessed sources,Not observed in assessed sources,Supplied abstract/coding notes; no new full-text verification,"Post hoc before/after treatment biomarker analysis; AI was not shown to prescribe cannabis, adapt treatment, or improve clinical outcomes."
177,Historical,Aided Diagnosis of\&#xa0;Autism Spectrum Disorder Based on\&#xa0;a\&#xa0;Mixed Neural Network Model,10.1007/978-981-99-8141-0_12,2024,Diagnosis,Research only,Automated measurement/classification,Not observed in assessed sources,Not observed in assessed sources,Supplied abstract/coding notes; no new full-text verification,fMRI connectivity and gradient features are derived from the same imaging source; multiple representations do not constitute multisource integration.
178,Historical,Application of Single-Nucleotide Polymorphisms in the Diagnosis of Autism Spectrum Disorders: A Preliminary Study with Artificial Neural Networks,10.1007/s12031-019-01311-1,2019,Diagnosis,Research only,Automated measurement/classification,Not observed in assessed sources,Not observed in assessed sources,Supplied abstract/coding notes; no new full-text verification,Human SNP classification with explicit LIME explanations and internal ten-fold validation. Use of Keras alone does not establish deep architecture.
179,Historical,Autism spectrum disorder detection with machine learning methods,10.2174/2666082215666191111121115,2019,Screening,Research only,Triage/questionnaire assessment,Not observed in assessed sources,Not observed in assessed sources,Supplied abstract/coding notes; no new full-text verification,Age-specific questionnaire screening datasets; random holdout repeated 100 times is internal validation. RF is the reported best performer.
180,Historical,Biosignal comparison for autism assessment using machine learning models and virtual reality,10.1016/j.compbiomed.2024.108194,2024,Screening,Research only,Automated measurement/classification,Not observed in assessed sources,Not observed in assessed sources,Supplied abstract/coding notes; no new full-text verification,"Motor, gaze and task responses in VR are behavioral measurements. Separate modality-specific models are compared; scenes within a modality are combined, not necessarily cross-modality fusion."
183,Historical,Computational Methods to Measure Patterns of Gaze in Toddlers with Autism Spectrum Disorder,10.1001/jamapediatrics.2021.0530,2021,Screening,Evaluated at point of use,Mobile assessment,Pre-decision,Pre-decision,Supplied abstract/coding notes; no new full-text verification,Prospective pediatric well-child app measurement is explicit. Gaze quantification and group comparison are not necessarily external validation of a trained ASD classifier.
184,Historical,Computerized Assessment of Motor Imitation as a Scalable Method for Distinguishing Children With Autism,10.1016/j.bpsc.2020.09.001,2021,Diagnosis,Proposed only,Automated measurement/classification,In-decision,Not observed in assessed sources,Supplied abstract/coding notes; no new full-text verification,"Objective motor imitation measurement with interpretable similarity scores, compared with human coding; not neural image classification or a tested intervention."
185,Historical,Construction of ASD Intervention System Based On Neural Network Model,10.1016/j.procs.2025.05.032,2025,Monitoring/intervention,Proposed only,Adaptive intervention,Post-decision,Not observed in assessed sources,Supplied abstract/coding notes; no new full-text verification,"Reported video/sensor behavior prediction and designed adaptive intervention. Prediction accuracy alone does not demonstrate that AI-guided treatment was delivered or effective.
Real-time adaptive system is designed; patient-level delivery, allocation, outcomes and decision impact are not established by the supplied prediction metrics."
186,Historical,Decoding Autism: Uncovering patterns in brain connectivity through sparsity analysis with rs-fMRI data,10.1016/j.jneumeth.2024.110100,2024,Diagnosis,Research only,Automated measurement/classification,Not observed in assessed sources,Not observed in assessed sources,Supplied abstract/coding notes; no new full-text verification,Best reported full-feature classifier is a 1D CNN on sparse fMRI connectivity. The word prognostic does not establish a future outcome in this cross-sectional classification experiment.
187,Historical,Deep Radiomics for Autism Diagnosis and Age Prediction,10.1109/thms.2025.3526957,2025,Diagnosis,Research only,Automated measurement/classification,Not observed in assessed sources,Not observed in assessed sources,Supplied abstract/coding notes; no new full-text verification,"Site-specific and pooled cross-validation are described; these differ from training on some sites and testing on unseen sites. Age classification is secondary, not future prognosis."
188,Historical,Deep-learning-based detection of infants with autism spectrum disorder using auto-encoder feature representation,10.3390/s20236762,2020,Screening,Research only,Automated measurement/classification,Not observed in assessed sources,Not observed in assessed sources,Supplied abstract/coding notes; no new full-text verification,Vocal acoustic eGeMAPS inputs are explicitly described; no unresolved imaging source is needed.
189,Historical,Early identification of autism spectrum disorder based on machine learning with eye-tracking data,10.1016/j.jad.2024.04.049,2024,Screening,Research only,Automated measurement/classification,Not observed in assessed sources,Not observed in assessed sources,Supplied abstract/coding notes; no new full-text verification,Eye-tracking classifier with independent prospective 80-child validation and SHAP. Comparison of conventional/neural candidates is not a hybrid final RF model or proof of clinical decision use.
190,Historical,"Examining overlap and homogeneity in ASD, ADHD, and OCD: a data-driven, diagnosis-agnostic approach",10.1038/s41398-019-0631-2,2019,Diagnosis,Research only,Automated measurement/classification,Not observed in assessed sources,Not observed in assessed sources,Supplied abstract/coding notes; no new full-text verification,Integrated cortical morphology and phenotypic features form diagnostic-agnostic subgroups; clustering is not deep learning.
193,Historical,Feasibility Study of\&#xa0;a\&#xa0;ML-Based ASD Monitoring System,10.1007/978-3-031-06242-1_27,2022,Monitoring/intervention,Research only,Monitoring/longitudinal analysis,Not observed in assessed sources,Not observed in assessed sources,Supplied abstract/coding notes; no new full-text verification,Signals collected in clinical tasks were analyzed to relate state changes to stimuli. Clinical recording context does not establish AI feedback or decision integration.
194,Historical,Feature replacement methods enable reliable home video analysis for machine learning detection of autism,10.1038/s41598-020-76874-w,2020,Diagnosis,Research only,Automated measurement/classification,Not observed in assessed sources,Not observed in assessed sources,Supplied abstract/coding notes; no new full-text verification,"Models trained on instrument scores are tested on human ratings of independent home videos. Ratings are structured inputs, not pixel-level CNN analysis."
197,Historical,Hybrid Diagnosis Models for Autism Patients Based on Medical and Sociodemographic Features Using Machine Learning and Multicriteria Decision-Making (MCDM) Techniques: An Evaluation and Benchmarking Framework,10.1155/2022/9410222,2022,Diagnosis,Research only,Risk/trajectory estimation,Not observed in assessed sources,Not observed in assessed sources,Supplied abstract/coding notes; no new full-text verification,Medical/sociodemographic tabular features predict severity using MCDM model selection; fuzzy linguistic ranking is not NLP. Multiple fields do not establish independent data-source fusion.
199,Historical,Informing developmental milestone achievement for children with autism: Machine learning approach,10.2196/29242,2021,Monitoring/intervention,Research only,Monitoring/longitudinal analysis,Not observed in assessed sources,Not observed in assessed sources,Supplied abstract/coding notes; no new full-text verification,"mCARE platform was deployed, but the AI models were trained/tested retrospectively on its collected records. Platform deployment is not proof that ML predictions drove care.
Clinical data-collection/communication platform deployed; AI predictions evaluated offline. Do not equate the two."
200,Historical,Machine learning based autism screening tool—a modified approach,10.1007/s11042-024-18519-y,2024,Screening,Proposed only,Triage/questionnaire assessment,Pre-decision,Not observed in assessed sources,Supplied abstract/coding notes; no new full-text verification,"ISAA item scores and six added attributes for severity/attention prioritization. The best reported primary classifier is SVM, with a separate MLP alternative."
201,Historical,Machine Learning–Based Approach for Early Screening of Autism Spectrum Disorders,10.1155/acis/9975499,2025,Screening,Research only,Triage/questionnaire assessment,Not observed in assessed sources,Not observed in assessed sources,Supplied abstract/coding notes; no new full-text verification,Structured age-group screening datasets and feature significance; no electrophysiology. Different cohort-specific winning models are retained explicitly.
202,Historical,Model selection to achieve reproducible associations between resting state EEG features and autism,10.1038/s41598-024-76659-5,2024,Diagnosis,Research only,Automated measurement/classification,Not observed in assessed sources,Not observed in assessed sources,Supplied abstract/coding notes; no new full-text verification,EEG power/connectivity classification with reproducibility-focused model selection; not a deep network. Model association stability does not equal cross-site validation.
203,Historical,Multimodal autism detection: Deep hybrid model with improved feature level fusion,10.1016/j.cmpb.2024.108492,2025,Screening,Research only,Automated measurement/classification,Not observed in assessed sources,Not observed in assessed sources,Supplied abstract/coding notes; no new full-text verification,"Explicit EEG and facial-image feature fusion, with neural CNN and recurrent components. The word hybrid denotes a combination of deep architectures, not conventional-ML/DL integration.
Fusion is reported; participant-level pairing across EEG and face data is not established by the accessible abstract."
204,Historical,Multi-task feature selection via supervised canonical graph matching for diagnosis of autism spectrum disorder,10.1007/s11682-015-9360-1,2016,Diagnosis,Research only,Automated measurement/classification,Not observed in assessed sources,Not observed in assessed sources,Supplied abstract/coding notes; no new full-text verification,Gray- and white-matter features originate from structural MRI; multiple tissue representations are not additional source modalities.
205,Historical,Off-Body Sleep Analysis for Predicting Adverse Behavior in Individuals With Autism Spectrum Disorder,10.1109/jbhi.2024.3455942,2024,Prognosis,Research only,Risk/trajectory estimation,Not observed in assessed sources,Not observed in assessed sources,Supplied abstract/coding notes; no new full-text verification,Near-infrared camera sleep-motion features predict next-day adverse behavior. Explicit future outcome establishes prognosis; recording over time does not show AI-guided care.
206,Historical,Overlaps in brain dynamic functional connectivity between schizophrenia and autism spectrum disorder,10.1016/j.sciaf.2018.e00019,2019,Diagnosis,Proposed only,Diagnostic decision support,In-decision,Not observed in assessed sources,Supplied abstract/coding notes; no new full-text verification,"Resting-state brain connectivity, with separate ASD and schizophrenia cohorts. Multiple conditions do not imply multiple input modalities or deep learning."
207,Historical,Persistent spectral based machine learning method for autism spectrum disorder classification,10.1016/j.neucom.2025.130780,2025,Diagnosis,Research only,Automated measurement/classification,Not observed in assessed sources,Not observed in assessed sources,Supplied abstract/coding notes; no new full-text verification,Functional-connectivity simplicial complexes and Laplacian features from ABIDE fMRI; not deep learning simply because a graph/network is used.
208,Historical,Phenotypic differences between female and male individuals with suspicion of autism spectrum disorder,10.1186/s13229-022-00491-9,2022,Diagnosis,Research only,Automated measurement/classification,Not observed in assessed sources,Not observed in assessed sources,Supplied abstract/coding notes; no new full-text verification,ADOS items are structured clinician ratings; sex-specific model comparisons do not create multisource data.
209,Historical,Predicting individual autistic symptoms for patients with autism spectrum disorder using interregional morphological connectivity,10.1016/j.pscychresns.2024.111822,2024,Diagnosis,Research only,Automated measurement/classification,Not observed in assessed sources,Not observed in assessed sources,Supplied abstract/coding notes; no new full-text verification,"Current ADOS symptom scores are targets, not another model input. Anatomical MRI alone drives prediction; not prospective monitoring or fusion."
210,Historical,Prediction of Behavioral Improvement Through Resting-State Electroencephalography and Clinical Severity in a Randomized Controlled Trial Testing Bumetanide in Autism Spectrum Disorder,10.1016/j.bpsc.2021.08.009,2023,Prognosis,Research only,Risk/trajectory estimation,Not observed in assessed sources,Not observed in assessed sources,Supplied abstract/coding notes; no new full-text verification,Baseline EEG plus clinical severity predict 91-day treatment response. AI analysis of a randomized drug trial is not an AI-guided intervention trial.
211,Historical,Prediction of Outcomes in Mini-Basketball Training Program for Preschool Children with Autism Using Machine Learning Models,10.32604/ijmhp.2022.020075,2022,Prognosis,Research only,Risk/trajectory estimation,Not observed in assessed sources,Not observed in assessed sources,Supplied abstract/coding notes; no new full-text verification,Baseline physical/developmental assessments predict later mini-basketball outcomes. The intervention was not allocated or adapted by AI in the reported experiment.
212,Historical,Pre-trained artificial intelligence language model represents pragmatic language variability central to autism and genetically related phenotypes,10.1177/13623613241304488,2025,Not specified,Research only,Automated measurement/classification,Not observed in assessed sources,Not observed in assessed sources,Supplied abstract/coding notes; no new full-text verification,Cross-sectional pragmatic-language characterization in ASD and related genetic phenotypes; no future course or delivered intervention is modeled.
213,Historical,Resting state functional magnetic resonance imaging and neural network classified autism and control,10.1016/j.cortex.2014.08.011,2015,Diagnosis,Research only,Automated measurement/classification,Not observed in assessed sources,Not observed in assessed sources,Supplied abstract/coding notes; no new full-text verification,"Resting fMRI correlation matrices with a probabilistic neural classifier. Similar accuracies by institution are site-stratified analysis, not proof of unseen-site transport."
214,Historical,Self-Paced Learning and Privileged Information based Cascaded Multi-column Classification algorithm for ASD diagnosis,10.1109/embc46164.2021.9630150,2021,Diagnosis,Research only,Automated measurement/classification,Not observed in assessed sources,Not observed in assessed sources,Supplied abstract/coding notes; no new full-text verification,Explicit single-modal fMRI privileged-information method; cascaded RVFL is retained rather than forcing it into conventional CNN or unspecified Other.
215,Historical,Smartphone Haptics Can Uncover Differences in Touch Interactions Between ASD and Neurotypicals,10.1145/3699749,2024,Screening,Research only,Automated measurement/classification,Not observed in assessed sources,Not observed in assessed sources,Supplied abstract/coding notes; no new full-text verification,Smartphone touch and tilt are behavioral motor data. Deploying a data-collection game does not establish an AI clinical screening workflow.
216,Historical,Targeted metabolomics in children with autism spectrum disorder with and without developmental regression,10.1007/s11011-025-01604-y,2025,Diagnosis,Research only,Automated measurement/classification,Not observed in assessed sources,Not observed in assessed sources,Supplied abstract/coding notes; no new full-text verification,"Plasma targeted metabolomics; reported best classifiers RF and SVM, not an unspecified data modality."
217,Historical,Twinned neuroimaging analysis contributes to improving the classification of young people with autism spectrum disorder,10.1038/s41598-024-71174-z,2024,Diagnosis,Research only,Automated measurement/classification,Not observed in assessed sources,Not observed in assessed sources,Supplied abstract/coding notes; no new full-text verification,Structural MRI combined with sALFF/fALFF functional MRI; two-channel CNN. Cross-validation on ABIDE is not external validation.
218,Historical,Using a small dataset to classify strength-interactions with an elastic display: a case study for the screening of autism spectrum disorder,10.1007/s13042-022-01554-2,2022,Screening,Research only,Automated measurement/classification,Not observed in assessed sources,Not observed in assessed sources,Supplied abstract/coding notes; no new full-text verification,Elastic-screen gesture measurements and small therapy dataset used to train classifiers; no evidence that model outputs guided care or that classifiers were deep networks.
219,Historical,"Wearable EEG Neurofeedback Based-on Machine Learning Algorithms for Children with Autism: A Randomized, Placebo-controlled Study",10.1007/s11596-024-2938-3,2024,Monitoring/intervention,Evaluated AI-supported intervention,Adaptive intervention,Post-decision,Post-decision,Supplied abstract/coding notes; no new full-text verification,"Randomized sham-controlled EEG mu-neurofeedback evaluation; physiological input and delivered feedback intervention, not an image classifier. Architecture insufficiently specified."
220,Historical,1D-convolutional neural network and fast Walsh–Hadamard transform approach for diagnosing autism spectrum disorder,10.1007/s00521-025-11208-3,2025,Diagnosis,Research only,Automated measurement/classification,Not observed in assessed sources,Not observed in assessed sources,Supplied abstract/coding notes; no new full-text verification,EEG fast Walsh-Hadamard features feed a one-dimensional CNN.
221,Historical,A hybrid Stacking-SMOTE model for optimizing the prediction of autistic genes,10.1186/s12859-023-05501-y,2023,Not specified,Research only,Automated measurement/classification,Not observed in assessed sources,Not observed in assessed sources,Supplied abstract/coding notes; no new full-text verification,"SFARI/gene-ontology gene-prioritization stacking classifiers; gene-level endpoint, not a patient diagnostic accuracy estimate."
222,Historical,An amygdala-centered hyper-connectivity signature of threatening face processing predicts anxiety in youths with autism spectrum conditions,10.1002/aur.2595,2021,Diagnosis,Research only,Automated measurement/classification,Not observed in assessed sources,Not observed in assessed sources,Supplied abstract/coding notes; no new full-text verification,Threat-related fMRI predicts concurrent anxiety symptoms; not a longitudinal intervention or future prognosis study.
223,Historical,An effective autism spectrum disorder screening method using machine learning classification techniques,10.1002/cpe.7898,2024,Screening,Proposed only,Mobile assessment,Pre-decision,Not observed in assessed sources,Supplied abstract/coding notes; no new full-text verification,Questionnaire app and classifier comparisons proposed for early screening. A developed app does not by itself demonstrate clinical workflow use.
224,Historical,An ensemble classifier for emotion classification from EEG and GSR signals for autism detection,10.1016/j.cmpb.2025.108921,2025,Monitoring/intervention,Proposed only,Automated measurement/classification,Post-decision,Not observed in assessed sources,Supplied abstract/coding notes; no new full-text verification,"EEG/GSR emotion classification proposed for autism-related care; abstract does not identify classifier components or establish that evaluation participants had ASD.
Reported precision 0.9870% is inconsistent with the other nearly perfect metrics; do not quote these metrics without full-text verification.
Public emotion dataset is unnamed in available abstract; ASD-specific evaluation population cannot be established. Retained from inherited eligibility; exclude in evidence-restricted sensitivity."
225,Historical,Applying Eye Tracking to Identify Autism Spectrum Disorder in Children,10.1007/s10803-018-3690-y,2019,Screening,Research only,Automated measurement/classification,Not observed in assessed sources,Not observed in assessed sources,Supplied abstract/coding notes; no new full-text verification,Gaze comparison of 37 ASD and 37 typically developing children; discriminant analysis rather than deep learning.
226,Historical,Artificial intelligence and sensor-based autism spectrum disorder diagnosis using brain connectivity analysis,10.1016/j.compeleceng.2023.108720,2023,Diagnosis,Research only,Automated measurement/classification,Not observed in assessed sources,Not observed in assessed sources,Supplied abstract/coding notes; no new full-text verification,Resting-state fMRI connectivity across atlases with majority voting. Abstract does not identify base classifiers or establish deep learning.
227,Historical,Attention Level Evaluation in Children With Autism: Leveraging Head Pose and Gaze Parameters From Videos for Educational Intervention,10.1109/tlt.2024.3409702,2024,Monitoring/intervention,Proposed only,Automated measurement/classification,Post-decision,Not observed in assessed sources,Supplied abstract/coding notes; no new full-text verification,Webcam head-pose deep learning and eye-tracking/attention models for real-time attention assessment; model-assisted intervention outcomes not demonstrated.
228,Historical,Autism Spectrum Disorder Diagnosis Using Graph Neural Network Based on\&#xa0;Graph Pooling and\&#xa0;Self-adjust Filter,10.1007/978-981-99-8558-6_35,2024,Diagnosis,Research only,Automated measurement/classification,Not observed in assessed sources,Not observed in assessed sources,Supplied abstract/coding notes; no new full-text verification,Image features and phenotype-defined graph edges jointly inform a population GNN.
229,Historical,Autoencoder Based Methods for Diagnosis of Autism Spectrum Disorder,10.1007/978-3-030-46165-2_4,2020,Diagnosis,Research only,Automated measurement/classification,Not observed in assessed sources,Not observed in assessed sources,Supplied abstract/coding notes; no new full-text verification,Best emphasized pipeline is autoencoder plus DNN; traditional-ML alternatives do not make the primary architecture hybrid.
230,Historical,BrainWaveNet: Wavelet-based Transformer for Autism Spectrum Disorder Diagnosis,10.1007/978-3-031-72069-7_6,2024,Diagnosis,Research only,Automated measurement/classification,Not observed in assessed sources,Not observed in assessed sources,Supplied abstract/coding notes; no new full-text verification,"Wavelet transformer uses resting-state fMRI, not a nonimaging physiological recording; neurological interpretation is explicit."
231,Historical,Can lung airway geometry be used to predict autism? A preliminary machine learning-based study,10.1002/ar.25332,2024,Diagnosis,Research only,Automated measurement/classification,Not observed in assessed sources,Not observed in assessed sources,Supplied abstract/coding notes; no new full-text verification,"Retrospective chest CT airway geometry, not brain imaging or behavioral photographs; retained as other biomedical imaging with subtype recorded.
Chest CT airway geometry"
232,Historical,Classification of autism spectrum disorder based on fluctuation entropy of spontaneous hemodynamic fluctuations,10.1016/j.bspc.2020.101958,2020,Diagnosis,Research only,Automated measurement/classification,Not observed in assessed sources,Not observed in assessed sources,Supplied abstract/coding notes; no new full-text verification,fNIRS fluctuation entropy with network-classifier comparison; old note identifies multiple classifiers but no single primary.
233,Historical,Classification of autism spectrum disorder based on sample entropy of spontaneous functional near infra-red spectroscopy signal,10.1016/j.clinph.2019.12.400,2020,Diagnosis,Research only,Automated measurement/classification,Not observed in assessed sources,Not observed in assessed sources,Supplied abstract/coding notes; no new full-text verification,fNIRS sample entropy; available coding note describes classifier comparison and does not justify a clustering main family.
234,Historical,Classification of\&#xa0;Facial Images to\&#xa0;Assist in\&#xa0;the\&#xa0;Diagnosis of\&#xa0;Autism Spectrum Disorder: A Study on\&#xa0;the\&#xa0;Effect of\&#xa0;Face Detection and\&#xa0;Landmark Identification Algorithms,10.1007/978-3-031-45389-2_18,2023,Diagnosis,Research only,Automated measurement/classification,Not observed in assessed sources,Not observed in assessed sources,Supplied abstract/coding notes; no new full-text verification,Facial landmark-library comparison; classifier family not provided by available abstract.
235,Historical,Combining anatomical and functional networks for neuropathology identification: A case study on autism spectrum disorder,10.1016/j.media.2021.101986,2021,Diagnosis,Research only,Automated measurement/classification,Not observed in assessed sources,Not observed in assessed sources,Supplied abstract/coding notes; no new full-text verification,Anatomical graph and functional MRI signals fused; Fukunaga-Koontz features and interpretable decision-tree model.
236,Historical,Correlations between blood group and Rh factor in families and autism spectrum disorder: A comprehensive analysis,10.1038/s41598-025-97313-8,2025,Not specified,Research only,Research characterization,Not observed in assessed sources,Not observed in assessed sources,Supplied abstract/coding notes; no new full-text verification,"Blood group/Rh association study explicitly mentions machine learning, but no prospective risk model or operational workflow is established."
237,Historical,Cross-linguistic patterns of speech prosodic differences in autism: A machine learning study,10.1371/journal.pone.0269637,2022,Diagnosis,Research only,Automated measurement/classification,Not observed in assessed sources,Not observed in assessed sources,Supplied abstract/coding notes; no new full-text verification,Acoustic prosody classification within and across English and Cantonese; not text analysis. Cross-language transfer is not automatically cross-site robustness.
239,Historical,Diagnosing autism severity associated with physical fitness and gray matter volume in children with autism spectrum disorder: Explainable machine learning method,10.1016/j.ctcp.2023.101825,2024,Diagnosis,Research only,Automated measurement/classification,Not observed in assessed sources,Not observed in assessed sources,Supplied abstract/coding notes; no new full-text verification,Physical fitness and MRI gray-matter volumes jointly predict concurrent severity; XGBoost emphasized and SHAP explicitly reported.
240,Historical,Diagnosis of Autism Disorder Based on Deep Network Trained by Augmented EEG Signals,10.1142/s0129065722500460,2022,Diagnosis,Research only,Automated measurement/classification,Not observed in assessed sources,Not observed in assessed sources,Supplied abstract/coding notes; no new full-text verification,EEG windows rendered as images remain EEG source data; augmentation does not add independent data sources.
241,Historical,Differences in atypical resting-state effective connectivity distinguish autism from schizophrenia,10.1016/j.nicl.2018.01.014,2018,Diagnosis,Research only,Automated measurement/classification,Not observed in assessed sources,Not observed in assessed sources,Supplied abstract/coding notes; no new full-text verification,Effective-connectivity MRI classifier tested in an independent cohort.
242,Historical,Eigenvector Centrality Characterization on fMRI Data: Gender and Node Differences in Normal and ASD Subjects: Author name,10.1007/s10803-023-05922-x,2024,Diagnosis,Research only,Automated measurement/classification,Not observed in assessed sources,Not observed in assessed sources,Supplied abstract/coding notes; no new full-text verification,"fMRI eigenvector centrality; inherited tree classifier belongs to conventional ML, not deep learning. Family retained from prior charting."
243,Historical,Enhancing Multi-view ASD Diagnosis Using Structural MRI and Pretrained CNN,10.1007/978-3-031-83845-3_26,2025,Diagnosis,Research only,Automated measurement/classification,Not observed in assessed sources,Not observed in assessed sources,Supplied abstract/coding notes; no new full-text verification,Multiple views of the same structural MRI scan do not constitute independent source fusion.
245,Historical,Exploring Sparse Gaussian Processes for Bayesian Optimization in Convolutional Neural Networks for Autism Classification,10.1109/access.2024.3351168,2024,Screening,Research only,Automated measurement/classification,Not observed in assessed sources,Not observed in assessed sources,Supplied abstract/coding notes; no new full-text verification,Eye-tracking image CNN with Bayesian hyperparameter optimization; optimization is not a separate fused clinical modality.
247,Historical,Few-Shot Classification of Autism Spectrum Disorder using Site-Agnostic Meta-Learning and Brain MRI,10.1109/embc40787.2023.10340852,2023,Diagnosis,Research only,Automated measurement/classification,Not observed in assessed sources,Not observed in assessed sources,Supplied abstract/coding notes; no new full-text verification,Brain MRI site-agnostic meta-learning evaluated zero-shot on an independent site; not NLP. Neural backbone not specified in available abstract.
248,Historical,Gaze Patterns in Children With Autism Spectrum Disorder to Emotional Faces: Scanpath and Similarity,10.1109/tnsre.2024.3361935,2024,Screening,Research only,Automated measurement/classification,Not observed in assessed sources,Not observed in assessed sources,Supplied abstract/coding notes; no new full-text verification,"Sequential gaze scanpath classification, with recurrent family inherited from prior coding."
249,Historical,Gray Matter Alterations in Young Children with Autism Spectrum Disorders: Comparing Morphometry at the Voxel and Regional Level,10.1111/jon.12280,2015,Diagnosis,Research only,Automated measurement/classification,Not observed in assessed sources,Not observed in assessed sources,Supplied abstract/coding notes; no new full-text verification,Gray-matter MRI morphometry; support-vector machine is explicit in abstract.
250,Historical,Identification of Autism spectrum disorder based on a novel feature selection method and Variational Autoencoder,10.1016/j.compbiomed.2022.105854,2022,Diagnosis,Research only,Automated measurement/classification,Not observed in assessed sources,Not observed in assessed sources,Supplied abstract/coding notes; no new full-text verification,"Resting-state fMRI functional connectivity with VAE-pretrained MLP, internal repeated cross-validation."
251,Historical,Integrative analysis of long noncoding RNAs dysregulation and synapse-associated ceRNA regulatory axes in autism,10.1038/s41398-023-02662-5,2023,Diagnosis,Research only,Automated measurement/classification,Not observed in assessed sources,Not observed in assessed sources,Supplied abstract/coding notes; no new full-text verification,"Integrative human transcriptomics/ceRNA marker study, including SVM and RF; not physiological signal or generic NLP."
253,Historical,Interpersonal Motor Coordination in Children with Autism and the Establishment of Machine Learning Models to Objectively Classify Children with Autism and Typical Development,10.1016/j.irbm.2024.100838,2024,Screening,Research only,Automated measurement/classification,Not observed in assessed sources,Not observed in assessed sources,Supplied abstract/coding notes; no new full-text verification,Filmed interpersonal motor coordination and engineered wavelet coherence features; no deep architecture specified.
254,Historical,Low-Rank Representation for Multi-center Autism Spectrum Disorder Identification.,10.1007/978-3-030-00928-1_73,2018,Diagnosis,Research only,Automated measurement/classification,Not observed in assessed sources,Not observed in assessed sources,Supplied abstract/coding notes; no new full-text verification,"Multi-center low-rank domain adaptation plus KNN. Target-center data participate in representation learning, so this is site-adapted evaluation, not untouched external validation.
Cross-center domain adaptation; target data used during adaptation, not untouched external cohort"
255,Historical,LSTA-CNN: A Lightweight Spatiotemporal Attention-Based Convolutional Neural Network for ASD Diagnosis Using EEG,10.1109/tnsre.2025.3580593,2025,Diagnosis,Research only,Automated measurement/classification,Not observed in assessed sources,Not observed in assessed sources,Supplied abstract/coding notes; no new full-text verification,EEG spatial-temporal attention CNN. Attention mechanism alone does not demonstrate explanatory analysis.
258,Historical,MDNCT: a multi-domain neurocognitive transformer architecture approach for early prediction of autism spectrum disorders,10.1038/s41598-025-09862-7,2025,Screening,Research only,Automated measurement/classification,Not observed in assessed sources,Not observed in assessed sources,Supplied abstract/coding notes; no new full-text verification,"Multi-domain transformer includes ASD toddler identification, but ASD-specific input modality is not specified. Other-domain text/dementia tasks cannot define the ASD data source."
259,Historical,MHATC: Autism Spectrum Disorder Identification Utilizing Multi-Head Attention Encoder Along with Temporal Consolidation Modules,10.1109/embc48229.2022.9871130,2022,Diagnosis,Research only,Automated measurement/classification,Not observed in assessed sources,Not observed in assessed sources,Supplied abstract/coding notes; no new full-text verification,Brain imaging connectivity with multi-head attention and temporal consolidation.
260,Historical,Multi-atlas Representations Based on\&#xa0;Graph Convolutional Networks for\&#xa0;Autism Spectrum Disorder Diagnosis,10.1007/978-981-99-8558-6_38,2024,Diagnosis,Research only,Automated measurement/classification,Not observed in assessed sources,Not observed in assessed sources,Supplied abstract/coding notes; no new full-text verification,Multiple atlases of the same brain imaging data do not establish multimodal source fusion.
261,Historical,Multiple Classification of Brain MRI Autism Spectrum Disorder by Age and Gender Using Deep Learning,10.1007/s10916-023-02032-0,2024,Diagnosis,Research only,Automated measurement/classification,Not observed in assessed sources,Not observed in assessed sources,Supplied abstract/coding notes; no new full-text verification,Structural brain MRI deep-learning classification stratified by age/sex; strata are not additional input modalities.
262,Historical,MVS-GCN: A prior brain structure learning-guided multi-view graph convolution network for autism spectrum disorder diagnosis,10.1016/j.compbiomed.2022.105239,2022,Diagnosis,Research only,Automated measurement/classification,Not observed in assessed sources,Not observed in assessed sources,Supplied abstract/coding notes; no new full-text verification,"Multi-view functional brain networks; evaluation on ADNI is a different disease task, not external validation of the ASD classifier."
263,Historical,Neurodevelopmental model of schizophrenia revisited: similarity in individual deviation and idiosyncrasy from the normative model of whole-brain white matter tracts and shared brain-cognition covariation with ADHD and ASD,10.1038/s41380-022-01636-1,2022,Not specified,Research only,Research characterization,Not observed in assessed sources,Not observed in assessed sources,Supplied abstract/coding notes; no new full-text verification,"Human diffusion MRI normative deviations and unsupervised cross-disorder characterization; substantive ASD group retained, not a deployed diagnostic classifier or deep network."
264,Historical,Non-Oscillatory Connectivity Approach for Classification of Autism Spectrum Disorder Subtypes Using Resting-State fMRI,10.1109/access.2022.3146719,2022,Diagnosis,Research only,Automated measurement/classification,Not observed in assessed sources,Not observed in assessed sources,Supplied abstract/coding notes; no new full-text verification,Non-oscillatory MRI connectivity with p-value feature selection and SVM; no deep-learning branch to justify Hybrid.
265,Historical,Personalized identification of autism-related bacteria in the gut microbiome using explainable artificial intelligence,10.1016/j.isci.2024.110709,2024,Diagnosis,Research only,Automated measurement/classification,Not observed in assessed sources,Not observed in assessed sources,Supplied abstract/coding notes; no new full-text verification,"Microbiome XAI studies contemporaneous ASD-associated species; personalized interventions are a proposed implication, not prospective prognosis or image analysis."
266,Historical,Prenatal exposure to criteria air pollution and traffic-related air toxics and risk of autism spectrum disorder: A population-based cohort study of California births (1990–2018),10.1016/j.envint.2025.109562,2025,Not specified,Research only,Research characterization,Not observed in assessed sources,Not observed in assessed sources,Supplied abstract/coding notes; no new full-text verification,"ML estimates environmental exposure, followed by ASD epidemiological association analysis; no individual clinical risk decision system. Retained under broad computational ASD mapping, flagged for scope sensitivity.
AI predicts environmental exposures rather than an ASD clinical endpoint; retain only in broad mapping and exclude in direct-clinical-endpoint sensitivity."
267,Historical,Risk assessment for parents who suspect their child has autism spectrum disorder: Machine learning approach,10.2196/jmir.9496,2018,Prescreening,Proposed only,Triage/questionnaire assessment,Pre-decision,Not observed in assessed sources,Supplied abstract/coding notes; no new full-text verification,"Parental free text is combined with an adaptively selected screening question; proposed prescreening role, not demonstrated clinical use."
268,Historical,Robust Low Complexity Framework for Early Diagnosis of Autism Spectrum Disorder Based on Cross Wavelet Transform and Deep Transfer Learning,10.1007/s42979-023-02564-9,2024,Screening,Research only,Automated measurement/classification,Not observed in assessed sources,Not observed in assessed sources,Supplied abstract/coding notes; no new full-text verification,"EEG cross-wavelet images with ResNet-101. Older/younger split is internal age-stratified evaluation, and auditory stimulus is not a second measured input source."
269,Historical,Self-weighted adaptive structure learning for ASD diagnosis via multi-template multi-center representation,10.1016/j.media.2020.101662,2020,Diagnosis,Research only,Automated measurement/classification,Not observed in assessed sources,Not observed in assessed sources,Supplied abstract/coding notes; no new full-text verification,"SASL ensemble on multi-template fMRI connectivity, not a deep architecture or multiple source modality.
Multicenter representation learning; held-out-site test design not established by available abstract"
270,Historical,Smart bed based daytime behavior prediction in Children with autism spectrum disorder - A Pilot Study,10.1016/j.medengphy.2020.07.004,2020,Prognosis,Research only,Risk/trajectory estimation,Not observed in assessed sources,Not observed in assessed sources,Supplied abstract/coding notes; no new full-text verification,"Previous-night BCG restlessness predicts next-day behavior; a temporal prognosis endpoint, not AI-guided intervention. Comparing ANN/SVM is not Hybrid."
272,Historical,Subtyping cognitive profiles in Autism Spectrum Disorder using a Functional Random Forest algorithm,10.1016/j.neuroimage.2017.12.044,2018,Diagnosis,Research only,Automated measurement/classification,Not observed in assessed sources,Not observed in assessed sources,Supplied abstract/coding notes; no new full-text verification,"Functional random forest learns from seven cognitive tasks. MRI is used for subsequent subgroup characterization rather than as the classifier input.
Multiple cognitive instruments; MRI is downstream validation/characterization, not predictive input"
273,Historical,Towards autism subtype detection through identification of discriminatory factors using machine learning,10.1007/978-3-030-86993-9_36,2021,Diagnosis,Research only,Automated measurement/classification,Not observed in assessed sources,Not observed in assessed sources,Supplied abstract/coding notes; no new full-text verification,Questionnaire-based subtype discovery with k-means; classifier SHAP follow-up explicit. Not free-text NLP.
274,Historical,‘IoT and AI-Based Application for Automatic Interpretation of the Affective State of Children Diagnosed with Autism,10.3390/s22072528,2022,Monitoring/intervention,Proposed only,Adaptive intervention,Post-decision,Not observed in assessed sources,Supplied abstract/coding notes; no new full-text verification,"PandaSays CNN output commands a robot; functional prototype integration is demonstrated, but abstract does not establish evaluation of delivered treatment in ASD participants.
System-to-robot technical integration does not establish patient-facing clinical evaluation."
275,Historical,A Fusion-Based Machine Learning Approach for Autism Detection in Young Children Using Magnetoencephalography Signals,10.1007/s10803-022-05767-w,2023,Diagnosis,Research only,Automated measurement/classification,Not observed in assessed sources,Not observed in assessed sources,Supplied abstract/coding notes; no new full-text verification,"MEG power and phase feature/score fusion are two representations of one recorded source, not multisource acquisition."
276,Historical,A situation-aware system for the detection of motion disorders of patients with Autism Spectrum Disorders,10.1016/j.eswa.2014.05.011,2014,Monitoring/intervention,Evaluated at point of use,Monitoring/longitudinal analysis,Post-decision,Post-decision,Supplied abstract/coding notes; no new full-text verification,"Accelerometer-based stereotypy detection with situation-aware event reporting; hospital-deployed prototype explicitly tested, but classifier architecture unspecified.
Hospital prototype evaluation established; effect on clinician decisions not quantified in available abstract."
277,Historical,Accurate corresponding fiber tract segmentation via FiberGeoMap learner with application to autism,10.1093/cercor/bhad125,2023,Not specified,Research only,Automated measurement/classification,Not observed in assessed sources,Not observed in assessed sources,Supplied abstract/coding notes; no new full-text verification,Diffusion tract segmentation with downstream autism group comparisons; not a diagnostic classifier despite clinical research relevance.
278,Historical,Autism risk classification using placental chorionic surface vascular network features,10.1186/s12911-017-0564-8,2017,Prescreening,Research only,Risk/trajectory estimation,Not observed in assessed sources,Not observed in assessed sources,Supplied abstract/coding notes; no new full-text verification,"Placental vascular images classify high-risk versus population cohorts; risk-group discrimination is not prediction of subsequently observed child ASD diagnosis.
Placental vascular imaging"
279,Historical,Autism spectrum disorder detection using sequential minimal optimization-support vector machine hybrid classifier according to history of jaundice and family autism in children,10.1002/cpe.6498,2022,Diagnosis,Research only,Automated measurement/classification,Not observed in assessed sources,Not observed in assessed sources,Supplied abstract/coding notes; no new full-text verification,Digitized clinical/questionnaire history with SMO-trained SVM; optimization does not make an ML/DL hybrid.
280,Historical,Classification of autism based on short-term spontaneous hemodynamic fluctuations using an adaptive graph neural network,10.1016/j.jneumeth.2023.109901,2023,Diagnosis,Research only,Automated measurement/classification,Not observed in assessed sources,Not observed in assessed sources,Supplied abstract/coding notes; no new full-text verification,Single fNIRS source with temporal and graph convolution; multiple channels do not establish multisource data.
281,Historical,Deep Mobile Linguistic Therapy for Patients with ASD,10.3390/ijerph191912857,2022,Monitoring/intervention,Proposed only,Adaptive intervention,Post-decision,Not observed in assessed sources,Supplied abstract/coding notes; no new full-text verification,"Mobile linguistic-therapy architecture combines image and language components; available abstract reports a software proposal, not a clinical treatment trial."
282,Historical,DeepASDPred: a CNN-LSTM-based deep learning method for Autism spectrum disorders risk RNA identification,10.1186/s12859-023-05378-x,2023,Not specified,Research only,Research characterization,Not observed in assessed sources,Not observed in assessed sources,Supplied abstract/coding notes; no new full-text verification,RNA sequence and expression fusion for gene-level risk classification. CNN and LSTM are both deep learning; logistic feature selection does not establish a mixed clinical classifier.
283,Historical,Employing Machine Learning-Based Predictive Analytical Approaches to Classify Autism Spectrum Disorder Types,10.1155/2022/8134018,2022,Diagnosis,Research only,Automated measurement/classification,Not observed in assessed sources,Not observed in assessed sources,Supplied abstract/coding notes; no new full-text verification,DNN outperformed comparators in concurrent ASD severity classification; data source cannot be recovered from available abstract.
284,Historical,Exploration of Autism Spectrum Disorder using Classification Algorithms,10.1016/j.procs.2020.01.098,2019,Screening,Research only,Automated measurement/classification,Not observed in assessed sources,Not observed in assessed sources,Supplied abstract/coding notes; no new full-text verification,"Conventional classifier comparison, not ML/DL hybrid. Input modality not specified in available abstract."
285,Historical,Exploring pesticide risk in autism via integrative machine learning and network toxicology,10.1016/j.ecoenv.2025.118233,2025,Not specified,Research only,Research characterization,Not observed in assessed sources,Not observed in assessed sources,Supplied abstract/coding notes; no new full-text verification,Transcriptomic gene selection followed by network toxicology and docking; no deep-learning component or deployed clinical decision.
286,Historical,Feedback Artificial Tree-Anti Corona Virus Optimization enabled deep learning for detecting autism spectrum disorder,10.1111/exsy.13040,2022,Diagnosis,Research only,Automated measurement/classification,Not observed in assessed sources,Not observed in assessed sources,Supplied abstract/coding notes; no new full-text verification,Deep residual network on ABIDE fMRI with optimization; testing two repositories does not itself show independent transfer.
287,Historical,Forecasting risk gene discovery in autism with machine learning and genome-scale data,10.1038/s41598-020-61288-5,2020,Not specified,Research only,Research characterization,Not observed in assessed sources,Not observed in assessed sources,Primary-source full text (targeted sections),"forecASD uses stacked random forests for gene prioritization, not clinical prescreening or deep learning. Independent gene-level cohorts test generalization."
288,Historical,Identifying Autism with Head Movement Features by Implementing Machine Learning Algorithms,10.1007/s10803-021-05179-2,2022,Screening,Research only,Automated measurement/classification,Not observed in assessed sources,Not observed in assessed sources,Supplied abstract/coding notes; no new full-text verification,Behavioral head-motion angles and rates; decision tree best classifier is explicit.
289,Historical,Increased serum levels of macrophage migration inhibitory factor in autism spectrum disorders,10.1016/j.neuro.2018.11.015,2019,Diagnosis,Research only,Automated measurement/classification,Not observed in assessed sources,Not observed in assessed sources,Supplied abstract/coding notes; no new full-text verification,"Serum biomarker combined regression models are explicitly compared for concurrent ASD/severity; this is exploratory prediction, not a prospectively validated decision system.
Exploratory regression biomarker model without out-of-sample evaluation; exclude in restrictive ML/clinical-endpoint sensitivity if protocol requires validated classifiers."
290,Historical,Machine Learning and Structural Dynamics-Based Approach to Reveal Molecular Mechanism of PTEN Missense Mutations Shared by Cancer and Autism Spectrum Disorder,10.1021/acs.jcim.5c00134,2025,Not specified,Research only,Research characterization,Not observed in assessed sources,Not observed in assessed sources,Supplied abstract/coding notes; no new full-text verification,"PTEN mutation structural dynamics and ML classify molecular effects, not patients; broad molecular ASD scope only.
Human gene/mutation-derived molecular modeling with dynamics simulations; no direct patient-level clinical outcome."
291,Historical,MCDGLN: Masked connection-based dynamic graph learning network for autism spectrum disorder,10.1016/j.brainresbull.2025.111290,2025,Diagnosis,Research only,Automated measurement/classification,Not observed in assessed sources,Not observed in assessed sources,Supplied abstract/coding notes; no new full-text verification,Dynamic and static BOLD connectivity within a single fMRI source.
292,Historical,Performance of case-control rare copy number variation annotation in classification of autism,10.1186/1755-8794-8-s1-s7,2015,Diagnosis,Research only,Automated measurement/classification,Not observed in assessed sources,Not observed in assessed sources,Supplied abstract/coding notes; no new full-text verification,"Rare CNVs and annotations with conditional-inference forest; conventional ML, not deep-learning hybrid."
293,Historical,Personalized machine learning for robot perception of affect and engagement in autism therapy,10.1126/scirobotics.aao6760,2018,Monitoring/intervention,Research only,Automated measurement/classification,Not observed in assessed sources,Not observed in assessed sources,Supplied abstract/coding notes; no new full-text verification,"Multimodal affect/engagement models evaluated on recordings from robot therapy; abstract does not show that model estimates drove robot behavior during therapy.
Two cultures are described; independent held-out-cultural/site testing and real-time feedback use are not established by the available abstract."
295,Historical,Prediction of Autism at 3 Years from Behavioural and Developmental Measures in High-Risk Infants: A Longitudinal Cross-Domain Classifier Analysis,10.1007/s10803-018-3509-x,2018,Prognosis,Research only,Risk/trajectory estimation,Not observed in assessed sources,Not observed in assessed sources,Supplied abstract/coding notes; no new full-text verification,Multiple standardized developmental instruments in high-risk infants predict later ASD outcome; longitudinal data collection is not prospective model deployment.
296,Historical,STDCformer: Spatial-temporal dual-path cross-attention model for fMRI-based autism spectrum disorder identification,10.1016/j.heliyon.2024.e34245,2024,Diagnosis,Research only,Automated measurement/classification,Not observed in assessed sources,Not observed in assessed sources,Supplied abstract/coding notes; no new full-text verification,Spatiotemporal fMRI transformer and post-hoc interpretation; all neural branches remain deep learning.
298,Historical,"Three Distinct Neuroanatomical Subtypes of Autism Spectrum Disorder, Revealed via Machine Learning, and Their Similarities With Schizophrenia Subtypes",10.1016/j.biopsych.2021.02.931,2021,Not specified,Research only,Research characterization,Not observed in assessed sources,Not observed in assessed sources,Author-institution bibliographic record,"Semi-supervised MRI subtyping rather than deep learning. Institutional record identifies conference proceedings; full-report status not established.
Conference record in Biological Psychiatry; complete proceedings paper versus abstract-only publication cannot be established from institutional metadata. Exclude from evidence-restricted sensitivity."
300,Historical,Application of Speech Signal for Early Screening of Children with Autism Spectrum Disorder,10.1007/978-3-031-62273-1_36,2024,Screening,Research only,Automated measurement/classification,Not observed in assessed sources,Not observed in assessed sources,Supplied abstract/coding notes; no new full-text verification,"Speech is the stated source, not physiological biosignals; available abstract does not establish model family."
new_12,Update,Integration of an Artificial Intelligence–Based Autism Diagnostic Device into the ECHO Autism Primary Care Workflow: Prospective Observational Study,10.2196/80733,2025,Diagnosis,Evaluated at point of use,Diagnostic decision support,In-decision,In-decision,Supplied abstract/coding notes; no new full-text verification,"Canvas Dx explicitly integrated into ECHO primary-care diagnostic workflow; prospective observational evaluation, not merely an offline classifier."
new_13,Update,In-silico assessment of dynamic symbiotic microbial interactions in a reduced microbiota related to the autism spectrum disorder symptoms,10.1016/j.csbj.2025.09.006,2025,Not specified,Research only,Research characterization,Not observed in assessed sources,Not observed in assessed sources,Supplied abstract/coding notes; no new full-text verification,"Diet-dependent microbial simulations contextualize ML predictions; no deep neural component establishes a Hybrid category.
Human-derived microbial ML context with in-silico metabolic modeling; exclude in direct clinical-endpoint sensitivity."
new_35,Update,Deep Learning Approaches for Classifying Children With and Without Autism Spectrum Disorder Using Inertial Measurement Unit Hand Tracking Data: Comparative Study,10.2196/73440,2025,Diagnosis,Research only,Automated measurement/classification,Not observed in assessed sources,Not observed in assessed sources,Supplied abstract/coding notes; no new full-text verification,"Inertial hand-movement recordings are behavioral motor data, not physiological biosignals; classifier comparison without care deployment."
new_50,Update,Effectiveness of Artificial Intelligence–Based Platform in Administering Therapies for Children With Autism Spectrum Disorder: 12-Month Observational Study,10.2196/70589,2025,Monitoring/intervention,Evaluated care-delivery platform,Adaptive intervention,Post-decision,Post-decision,Supplied abstract/coding notes; no new full-text verification,"CognitiveBotics platform used alongside therapy over 12 months. Assessment scales are outcomes and do not establish the AI input modality or architecture.
Nonrandom adherence-defined groups and concurrent standard therapy; do not attribute observed improvement causally to AI."
new_93,Update,Large language models deconstruct the clinical intuition behind diagnosing autism,10.1016/j.cell.2025.02.025,2025,Diagnosis,Research only,Automated measurement/classification,Not observed in assessed sources,Not observed in assessed sources,Supplied abstract/coding notes; no new full-text verification,"RoBERTa/clinical-note classification with sentence-level explanations, analyzed retrospectively."
new_96,Update,Ensemble of Deep Learning with Crested Porcupine Optimizer Based Autism Spectrum Disorder Detection Using Facial Images,10.32604/cmc.2025.062266,2025,Diagnosis,Research only,Automated measurement/classification,Not observed in assessed sources,Not observed in assessed sources,Supplied abstract/coding notes; no new full-text verification,Facial-image deep-learning ensemble and optimizer; background CAD discussion is not a demonstrated clinician-facing workflow.
new_108,Update,Awareness with Machine: Hybrid Approach to Detecting ASD with a Clustering,10.32604/cmc.2025.062643,2025,Screening,Research only,Automated measurement/classification,Not observed in assessed sources,Not observed in assessed sources,Supplied abstract/coding notes; no new full-text verification,Conventional clustering and ten ML classifiers across age datasets; title word Hybrid does not establish ML/DL integration.
new_125,Update,Identification of critical brain regions for autism diagnosis from fMRI data using explainable AI: an observational analysis of the ABIDE dataset,10.1016/j.eclinm.2025.103452,2025,Diagnosis,Research only,Automated measurement/classification,Not observed in assessed sources,Not observed in assessed sources,Supplied abstract/coding notes; no new full-text verification,"SVM-RFE is feature selection ahead of sparse-autoencoder/Softmax classification. Retrospective ABIDE evaluation and explainability, with inherited expression-of-concern flag retained."
new_132,Update,A Brief Observation to Screen Autism in Toddlers and Predict Developmental Trajectory,10.1016/j.jpedcp.2025.200176,2025,Screening,Proposed only,Triage/questionnaire assessment,Pre-decision,Not observed in assessed sources,Supplied abstract/coding notes; no new full-text verification,ESCS decision algorithm explicitly intended to guide pediatricians; secondary future cognitive-outcome model recorded. Longitudinal analysis does not establish prospective model evaluation.
new_145,Update,"Explainable Ensemble Learning Framework for Early Detection of Autism Spectrum Disorder: Enhancing Trust, Interpretability and Reliability in AI-Driven Healthcare",10.32604/cmes.2025.074627,2026,Screening,Research only,Automated measurement/classification,Not observed in assessed sources,Not observed in assessed sources,Supplied abstract/coding notes; no new full-text verification,Behavioral and multimodal model experiments with SHAP/LIME; no actual clinician workflow use is reported.
new_160,Update,Large Language Model-Assisted Annotation Framework for Cross-Platform Analysis of Online Autism Communities: Implications for Parent Education and Digital Support,10.2196/85290,2025,Not specified,Research only,Research characterization,Not observed in assessed sources,Not observed in assessed sources,Primary-source final article abstract and publication metadata,"Published final article validates LLM annotation of caregiver health-information communities; no care decisions made by this model.
Caregiver information-needs research rather than an AI decision or delivered care-support system; exclude in direct clinical-endpoint sensitivity."
new_169,Update,GPT-Powered Chatbot-Based Positive Psychology Intervention for Well-Being Among Parents of Children With Autism Spectrum Disorder: Single-Arm Mixed Methods Study,10.2196/85060,2026,Monitoring/intervention,Evaluated AI-supported intervention,Adaptive intervention,Post-decision,Post-decision,Supplied abstract/coding notes; no new full-text verification,GPT chatbot delivers positive-psychology intervention to ASD caregivers. Well-being scales and interviews evaluate outcomes rather than establish multimodal AI input.
new_171,Update,Large Language Model Few-Shot Learning for Predicting Individual Treatment Response to Smartphone-Based Mindfulness in Autistic Adults With Anxiety: Secondary Analysis of a Randomized Controlled Trial,10.2196/89054,2025,Prognosis,Research only,Risk/trajectory estimation,Not observed in assessed sources,Not observed in assessed sources,Primary-source final publication metadata,Published final article evaluates few-shot LLM prediction of individual mindfulness response in a secondary RCT analysis; not AI-assigned treatment.
new_173,Update,"Autism-Related Information on Websites and General-Purpose Artificial Intelligence Chatbots: Comparative, Bilingual Study",10.2196/85196,2025,Monitoring/intervention,Research only,Assistive support,Not observed in assessed sources,Not observed in assessed sources,Primary-source abstract and final-publication metadata,Peer-reviewed final article benchmarks ASD information quality of general-purpose chatbots; no caregiver-outcome or clinical-use study.
new_179,Update,Free Water Corrected Diffusion Magnetic Resonance Imaging Reveals Microstructural Alterations in Corpus Callosum Subregions of Preschool Children With Autism,10.1002/hbm.70435,2025,Not specified,Research only,Automated measurement/classification,Not observed in assessed sources,Not observed in assessed sources,Supplied abstract/coding notes; no new full-text verification,Diffusion microstructure comparison using tract segmentation. Healthy controls are not an independent external validation cohort for an ASD prediction model.
new_182,Update,Label leakage unmasked: a trustworthy-AI audit of autism screening models using the CLEAR-RD framework.,10.3389/fpubh.2026.1881829,2026,Screening,Research only,Automated measurement/classification,Not observed in assessed sources,Not observed in assessed sources,Supplied abstract/coding notes; no new full-text verification,Model-family comparison audits rule-derived screening labels; gradient boosting leads the leakage-free scenario. Comparing deep and classical models is not a Hybrid pipeline.
new_185,Update,"Early multimodal behavioral cues in autism: a micro-analytical exploration of actions, gestures and speech during naturalistic parent-child interactions",10.1016/j.ijchp.2026.100664,2026,Screening,Research only,Automated measurement/classification,Not observed in assessed sources,Not observed in assessed sources,Supplied abstract/coding notes; no new full-text verification,Microanalytically coded behavioral frequencies feed logistic regression; multiple behaviors from one coded observation do not automatically establish multimodal input fusion.
new_186,Update,Mood instability and mental health service use in autism and attention-deficit/hyperactivity disorder: a natural language processing analysis of CRIS electronic healthcare records from 21 906 children and adolescents.,10.1136/bmjment-2026-302488,2026,Prognosis,Research only,Risk/trajectory estimation,Not observed in assessed sources,Not observed in assessed sources,Supplied abstract/coding notes; no new full-text verification,"Baseline NLP-derived mood instability and structured covariates model subsequent service use/time to discharge; observational prognosis, not deployed monitoring."
new_191,Update,A functional system-informed graph neural network framework to quantify interpretable brain dysfunction in ASD,10.1016/j.neunet.2025.108295,2026,Diagnosis,Research only,Automated measurement/classification,Not observed in assessed sources,Not observed in assessed sources,Supplied abstract/coding notes; no new full-text verification,Functional-system GNN on retrospective multisite fMRI; interpretive biomarker analysis but no tested clinical workflow.
new_197,Update,Deep learning for autism detection using clinical notes: A comparison of transfer learning for a transparent and black-box approach,10.1016/j.artmed.2025.103318,2026,Diagnosis,Research only,Automated measurement/classification,Not observed in assessed sources,Not observed in assessed sources,Supplied abstract/coding notes; no new full-text verification,"BioBERT clinical-note transfer experiments train sequentially or jointly on two datasets; untouched external validation is not established in available abstract.
Sequential/mixed-dataset transfer; training-test independence of an untouched external cohort not established"
new_200,Update,Finding the forest in the trees: Using machine learning and online cognitive and perceptual measures to predict adult autism diagnosis,10.1038/s41398-026-03823-y,2026,Screening,Proposed only,Triage/questionnaire assessment,Pre-decision,Not observed in assessed sources,Supplied abstract/coding notes; no new full-text verification,Online cognitive task scores combined with a screening questionnaire; explicit intended screening tool but no demonstrated clinical deployment.
new_210,Update,Biomarker Discovery for Autism Prediction Using Massive Feature Extraction Based on EEG Signals,10.3390/s26061862,2026,Diagnosis,Research only,Automated measurement/classification,Not observed in assessed sources,Not observed in assessed sources,Supplied abstract/coding notes; no new full-text verification,"EEG HCTSA features and conventional classifiers with Shapley explanations; single small dataset, not externally validated."
new_212,Update,Comparison of cognitive ability and its distribution between men with autism spectrum disorder and attention-deficit/hyperactivity disorder,10.1371/journal.pone.0345522,2026,Diagnosis,Research only,Automated measurement/classification,Not observed in assessed sources,Not observed in assessed sources,Supplied abstract/coding notes; no new full-text verification,Wechsler cognitive profiles in ASD versus ADHD; exploratory cognitive characterization.
new_214,Update,Hippocampal Subregion Function and Its Clinical Correlations in Childhood Autism Spectrum Disorders,10.1002/aur.70124,2025,Diagnosis,Research only,Automated measurement/classification,Not observed in assessed sources,Not observed in assessed sources,Supplied abstract/coding notes; no new full-text verification,Hippocampal fMRI classifier comparison and clinical associations; research use only.
new_216,Update,Parental Stress and Caregiver Role Modulate Child–Caregiver Prosodic Synchrony in Autism: A Computational Analysis,10.1002/aur.70189,2026,Monitoring/intervention,Research only,Monitoring/longitudinal analysis,Not observed in assessed sources,Not observed in assessed sources,Supplied abstract/coding notes; no new full-text verification,"Deep acoustic segmentation and subsequent prosodic-synchrony analysis over two time points, without live care decisions."
new_217,Update,Predicting brain age in children aged 2–6 years with autism spectrum disorders using routine T1- and T2-weighted magnetic resonance imaging,10.1002/ped4.70064,2026,Not specified,Research only,Research characterization,Not observed in assessed sources,Not observed in assessed sources,Supplied abstract/coding notes; no new full-text verification,"Predicts current brain age from T1/T2 MRI, not future clinical trajectory. Application to ASD participants does not itself establish external study-level validation.
Normative TDC-to-ASD application; independent acquisition cohort versus same-study held-out group unresolved"
new_228,Update,Unveiling Diagnostic Biomarkers in Autism: A Comparative Proteome Analysis of CNTNAP2 Knockout Mice and Human ASD Patients,10.3390/biom16030340,2026,Diagnosis,Research only,Automated measurement/classification,Not observed in assessed sources,Not observed in assessed sources,Supplied abstract/coding notes; no new full-text verification,"Human serum proteomes are included alongside mouse proteomics, so not a mouse-only study. XGBoost biomarker classification reported."
new_237,Update,Late Fusion Model for Emotion Recognition from Facial Expressions and Biosignals in a Dataset of Children with Autism Spectrum Disorder,10.3390/s25247485,2025,Monitoring/intervention,Research only,Automated measurement/classification,Not observed in assessed sources,Not observed in assessed sources,Supplied abstract/coding notes; no new full-text verification,"Explicit fusion of facial expression and EDA/temperature/heart rate on EMBOA recordings, not demonstrated robot-feedback deployment."
new_247,Update,New intelligent music therapy method for applications of enhancing social skills of autism children based on TL-GCN and deep learning,10.1038/s41598-025-26307-3,2025,Monitoring/intervention,Evaluated AI-supported intervention,Adaptive intervention,Post-decision,Post-decision,Supplied abstract/coding notes; no new full-text verification,"Emotion-video model linked to music therapy with reported pre/post evaluation in 182 families. Questionnaire outcomes are not additional AI inputs.
Reported uncontrolled pre/post study; it does not establish causal efficacy or external diagnostic validation."
new_257,Update,The Use of the Social Robot LOVOT for Children with Autism Spectrum Disorder: A Feasibility Study,10.3233/shti251499,2025,Monitoring/intervention,Evaluated AI-supported intervention,Assistive support,Post-decision,Post-decision,Supplied abstract/coding notes; no new full-text verification,"LOVOT interaction sessions tested in four ASD children; actual assistive use, but AI architecture and causal efficacy remain unspecified."
new_259,Update,Data-Driven and Explainable Discovery of Autism Spectrum Disorder Patterns Across Age Groups,10.1155/hbe2/1923339,2026,Screening,Research only,Automated measurement/classification,Not observed in assessed sources,Not observed in assessed sources,Supplied abstract/coding notes; no new full-text verification,Interpretable C4.5 screening-pattern analysis across age datasets; no workflow evaluation.
new_261,Update,Artificial Intelligence Networks Combining Histopathology and Machine Learning Can Extract Axon Pathology in Autism Spectrum Disorder,10.1002/aur.70135,2025,Not specified,Research only,Automated measurement/classification,Not observed in assessed sources,Not observed in assessed sources,Supplied abstract/coding notes; no new full-text verification,Postmortem human histopathology image classification; tissue regions are not distinct acquired modalities.
new_262,Update,"Profiling Chinese children with symptoms of SpLD, ADHD, or ASD: a transdiagnostic and biopsychosocial study",10.1186/s12888-025-07754-8,2026,Not specified,Research only,Research characterization,Not observed in assessed sources,Not observed in assessed sources,Supplied abstract/coding notes; no new full-text verification,Cognitive and psychosocial scores jointly define transdiagnostic child clusters; substantive ASD-related sample but not an operational diagnosis system.
new_263,Update,Enhancing Psychological Assessments with Open-Ended Questionnaires and Large Language Models: An ASD Case Study,10.1109/jbhi.2025.3599643,2026,Diagnosis,Research only,Automated measurement/classification,Not observed in assessed sources,Not observed in assessed sources,Supplied abstract/coding notes; no new full-text verification,"Open-ended questionnaire responses are free text; model/embedding comparisons and interpretability, not closed-item tabular input."
new_268,Update,Compact subsets of autism screening items predict clinical diagnoses with a machine learning analysis of the QCHAT-10,10.1038/s41598-025-26131-9,2025,Screening,Proposed only,Triage/questionnaire assessment,Pre-decision,Not observed in assessed sources,Supplied abstract/coding notes; no new full-text verification,QCHAT models trained in New Zealand/Saudi Arabia are explicitly tested on independent Polish clinical diagnoses; genuine cross-setting evaluation.
new_288,Update,Nonparametric motion control in functional connectivity studies in children with autism spectrum disorder,10.1093/biomtc/ujag099,2026,Not specified,Research only,Automated measurement/classification,Not observed in assessed sources,Not observed in assessed sources,Supplied abstract/coding notes; no new full-text verification,"Motion-adjusted functional-connectivity estimation; methodological research, not direct clinical prediction or generic cross-site robustness."
new_305,Update,Integrating Multimodal Neuroimaging and Physical-Health Markers for Autism Spectrum Disorder in the ABCD Study,10.31083/jin48212,2026,Diagnosis,Research only,Automated measurement/classification,Not observed in assessed sources,Not observed in assessed sources,Supplied abstract/coding notes; no new full-text verification,Multimodal MRI combined with physical-health markers from ABCD; stratified internal cross-validation.
new_307,Update,Spatial structure based deep feature fusion network for autism spectrum disorder classification,10.1038/s41598-026-48562-8,2026,Diagnosis,Research only,Automated measurement/classification,Not observed in assessed sources,Not observed in assessed sources,Supplied abstract/coding notes; no new full-text verification,"EEG spatial/functional features from a single signal; two datasets evaluated, but external transfer design not established in available evidence.
Sheffield and KAU benchmark evaluations; train-on-one/test-on-the-other not established by abstract"
new_313,Update,Metaheuristic hyperparameter optimization of deep neural networks for demographic-aware autism spectrum disorder classification.,10.1038/s41598-026-58789-0,2026,Diagnosis,Research only,Automated measurement/classification,Not observed in assessed sources,Not observed in assessed sources,Supplied abstract/coding notes; no new full-text verification,Demographic-aware sMRI CNNs with internal five-fold validation; independent-data evaluation explicitly left for future work.
new_335,Update,Diagnostic Classification of Autism Spectrum Disorder in the Frequency Domain Using Resting-State fMRI,10.1007/s12021-026-09782-5,2026,Diagnosis,Research only,Automated measurement/classification,Not observed in assessed sources,Not observed in assessed sources,Supplied abstract/coding notes; no new full-text verification,Frequency-domain rs-fMRI offline classifier; CAD motivation does not establish clinical use.
new_352,Update,Efficient Kulczynski EEG feature selection for autism spectrum disorder diagnosis over fog and cloud computing,10.1007/s41870-025-02987-y,2025,Diagnosis,Proposed only,Diagnostic decision support,In-decision,Not observed in assessed sources,Supplied abstract/coding notes; no new full-text verification,Fog/cloud diagnostic architecture proposed; feature selection alone does not demonstrate model explanation.
new_359,Update,Privacy preserving federated framework for autism spectrum disorder screening with ensemble stacking and deep learning approaches,10.1007/s44163-026-01103-8,2026,Screening,Proposed only,Triage/questionnaire assessment,Pre-decision,Not observed in assessed sources,Supplied abstract/coding notes; no new full-text verification,Federated simulation with artificial clients; not observed multisite clinical evaluation or demonstrated privacy guarantee.
new_372,Update,Machine learning of clinical phenotypes facilitates autism screening and identifies novel subgroups with distinct transcriptomic profiles,10.1038/s41598-025-95291-5,2025,Screening,Research only,Triage/questionnaire assessment,Not observed in assessed sources,Not observed in assessed sources,Supplied abstract/coding notes; no new full-text verification,"Screening model uses ADI-R phenotypes; transcriptomic subgroup characterization is secondary, not necessarily joint predictive input."
new_378,Update,Integrating Network Analysis and Machine Learning Identifies Key Autism Spectrum Disorder Genes Linked to Immune Dysregulation and Therapeutic Targets,10.3390/genes16091109,2025,Not specified,Research only,Research characterization,Not observed in assessed sources,Not observed in assessed sources,Supplied abstract/coding notes; no new full-text verification,"Gene prioritization endpoint, not patient diagnostic prediction."
new_384,Update,Air pollution and autism-like traits: Sensitive periods and joint effects of exposure to sources and constituents of fine particulate matter,10.1016/j.envres.2026.125213,2026,Not specified,Research only,Research characterization,Not observed in assessed sources,Not observed in assessed sources,Supplied abstract/coding notes; no new full-text verification,"ML exposure reconstruction plus ASD-trait epidemiology; not a prospectively evaluated ASD prognosis tool.
Indirect ASD relevance: ML estimates exposure, not the clinical outcome."
new_395,Update,Prematurity and genetic liability for autism spectrum disorder,10.1186/s13073-025-01552-3,2025,Prognosis,Research only,Risk/trajectory estimation,Not observed in assessed sources,Not observed in assessed sources,Primary-source full text (targeted sections),"Birth-available phenotype/genetic features predict later ASD; model uses nested CV, SSC validation is for association analyses rather than the ML model.
Nested cross-validation of ML model; SSC replication of associations is not external ML validation."
new_406,Update,NeuroCypher ASD: Machine Learning with Knowledge Graph-Based Representation for ASD Screening in Toddlers,10.1007/s41666-026-00243-x,2026,Screening,Proposed only,Triage/questionnaire assessment,Pre-decision,Not observed in assessed sources,Supplied abstract/coding notes; no new full-text verification,"Questionnaire-derived graph is a representation of the same input, not an independent modality; NLP interface is not evidence of new input data."
new_410,Update,Robust deep learning pipeline to improve access to autism triage and diagnosis,10.1007/s44163-026-01299-9,2026,Screening,Proposed only,Triage/questionnaire assessment,Pre-decision,Not observed in assessed sources,Supplied abstract/coding notes; no new full-text verification,Proposed MRI/demographic triage pipeline; no actual clinical workflow evaluation established.
new_417,Update,Perivascular Space Burden in Children With Autism Spectrum Disorder Correlates With Neurodevelopmental Severity,10.1002/jmri.70023,2025,Not specified,Research only,Research characterization,Not observed in assessed sources,Not observed in assessed sources,Supplied abstract/coding notes; no new full-text verification,"Retrospective segmentation and concurrent severity association, not future prognosis."
new_420,Update,Two-tier nature inspired optimization-driven ensemble of deep learning models for effective autism spectrum disorder diagnosis in disabled persons,10.1038/s41598-025-93802-y,2025,Diagnosis,Research only,Automated measurement/classification,Not observed in assessed sources,Not observed in assessed sources,Supplied abstract/coding notes; no new full-text verification,Public-data simulation; ensemble architecture is not clinical deployment.
new_422,Update,MIND-TEA: An Adaptive Multi-Agent Framework for Multimodal Autism Diagnosis,10.1109/access.2026.3688987,2026,Diagnosis,Proposed only,Diagnostic decision support,In-decision,Not observed in assessed sources,Supplied abstract/coding notes; no new full-text verification,"Explicit zero-shot ABIDE I to ABIDE II evaluation supports external testing; site-stratified internal CV alone would not. Clinical text provenance remains a caveat.
Zero-shot ABIDE I to ABIDE II; external accuracy 52.3% author-reported.
Clinical text origin and independence from labels require caution; not verified from full text in this pass."
new_424,Update,Interpretable Autism Screening via Object-Based Analysis of Child-Drawn Sketches,10.1109/access.2025.3642950,2025,Screening,Research only,Automated measurement/classification,Not observed in assessed sources,Not observed in assessed sources,Supplied abstract/coding notes; no new full-text verification,"Drawing-based developmental screening benchmark with LRP explanations, not clinical deployment."
new_425,Update,Bridging Deep Learning and Quantum Computing for EEG-Driven P300 Targeted ASD Response Detection,10.1109/access.2025.3646589,2025,Monitoring/intervention,Research only,Automated measurement/classification,Not observed in assessed sources,Not observed in assessed sources,Supplied abstract/coding notes; no new full-text verification,"Offline P300 target-response classifier; hybrid quantum-classical architecture kept explicit, not conventional ML plus DL.
Quantum-classical hybrid; not conventional ML-DL hybrid.
EEG P300"
new_427,Update,A Hybrid Multi-Branch Deep Learning Model for Autism Spectrum Disorder Detection Using Spatiotemporal Gait Analysis,10.1109/access.2026.3704046,2026,Diagnosis,Research only,Automated measurement/classification,Not observed in assessed sources,Not observed in assessed sources,Supplied abstract/coding notes; no new full-text verification,Gait classification benchmark; all-neural branches do not imply conventional ML-DL hybrid.
new_428,Update,Autism Action Dataset (AAD): A Comprehensive Video Benchmark for ASD Behavior Recognition Using Deep Learning,10.1109/access.2026.3686583,2026,Monitoring/intervention,Research only,Monitoring/longitudinal analysis,Not observed in assessed sources,Not observed in assessed sources,Supplied abstract/coding notes; no new full-text verification,Behavioral action dataset benchmark; no primary winning family inferred.
new_429,Update,A Data-Driven Approach for Autism Spectrum Disorder Screening,10.1109/access.2026.3650856,2026,Screening,Evaluated at point of use,Triage/questionnaire assessment,Pre-decision,Pre-decision,Supplied abstract/coding notes; no new full-text verification,"Abstract explicitly reports operation at a healthcare provider; deployment is author-reported, clinical benefit is not independently established.
Operational-use claim from abstract; no independently verified causal improvement in diagnostic outcomes."
new_1,Update,A novel thermal imaging-based framework for continuous ASD classification and behavior analysis using facial mood and skin temperature features,10.1016/j.bspc.2024.107009,2025,Monitoring/intervention,Proposed only,Monitoring/longitudinal analysis,Post-decision,Not observed in assessed sources,Prior source-specific extraction retained; no new full-text retrieval,Thermal facial monitoring prototype; proposed medication adjustment is not evidence of actual treatment decisions.
new_3,Update,Efficient machine learning models across multiple datasets for autism spectrum disorder diagnoses,10.1016/j.bspc.2024.106949,2025,Screening,Research only,Triage/questionnaire assessment,Not observed in assessed sources,Not observed in assessed sources,Prior source-specific extraction retained; no new full-text retrieval,Retained source-specific coding after review of the supplied extraction notes; not a new full-text retrieval. ASDD evalúa 27 modelos y herramientas AutoML sobre siete datasets y un dataset combinado; varios resultados llegan a 100% de accuracy/F1. Los resultados perfectos exigen cautela. No se identificó una validación externa fija en un cohort/dataset independiente del proceso de desarrollo; múltiples datasets no equivalen automáticamente a external validation.
new_4,Update,"EmoLand: Utilizing narrative animations, multilevel games, and affective computing to foster emotional development in children with autism spectrum disorder",10.1016/j.ijhcs.2025.103486,2025,Monitoring/intervention,Evaluated AI-supported intervention,Adaptive intervention,Post-decision,Post-decision,Prior source-specific extraction retained; no new full-text retrieval,"Retained source-specific coding after review of the supplied extraction notes; not a new full-text retrieval. Evaluación de campo de 3 semanas en escuela especial: 12 niños con ASD, 5 tutores, 330 clips revisados; el módulo de feedback afectivo reporta 97.6% de acierto. Muestra pequeña y evaluación breve. La precisión del módulo de feedback no debe confundirse con eficacia clínica de largo plazo."
new_7,Update,Hybrid optimization enabled DenseNet for autism spectrum disorders using MRI image,10.1016/j.compbiolchem.2024.108335,2025,Diagnosis,Research only,Automated measurement/classification,Not observed in assessed sources,Not observed in assessed sources,Prior source-specific extraction retained; no new full-text retrieval,"Retained source-specific coding after review of the supplied extraction notes; not a new full-text retrieval. Pipeline con preprocesamiento MRI, extracción ROI/rasgos y DenseNet optimizado con JSTO; reporta accuracy de 94.8%. No se identificó validación externa independiente. Además, el texto indexado reporta FNR/FPR que parecen incompatibles con TPR/TNR simultáneamente reportados bajo definiciones estándar; requiere comprobación de tabla en verificación independiente."
new_15,Update,MCBERT: A multi-modal framework for the diagnosis of autism spectrum disorder,10.1016/j.biopsycho.2024.108976,2025,Diagnosis,Research only,Automated measurement/classification,Not observed in assessed sources,Not observed in assessed sources,Prior source-specific extraction retained; no new full-text retrieval,Retained source-specific coding after review of the supplied extraction notes; not a new full-text retrieval. MCBERT fusiona MRI y meta-features en ABIDE-I y usa leave-one-site-out; se reporta accuracy máxima de 93.4%. LOSO sí aporta evaluación entre sitios y se codifica como external/site-held-out validation. El uso de atención arquitectónica no se contabilizó como XAI porque no se identificó una evaluación explícita de explicaciones.
new_21,Update,Screening biomarkers for autism spectrum disorder using plasma proteomics combined with machine learning methods,10.1016/j.cca.2024.120018,2025,Screening,Research only,Triage/questionnaire assessment,Not observed in assessed sources,Not observed in assessed sources,Prior source-specific extraction retained; no new full-text retrieval,"Retained source-specific coding after review of the supplied extraction notes; not a new full-text retrieval. SWATH-MS en 30 ASD vs controles seleccionó biomarcadores mediante ML; un grupo independiente adicional de 30 ASD vs controles fue validado por MRM. Panel de 4 proteínas: AUC 0.8087. La validación independiente fortalece el biomarcador, pero parece provenir del mismo entorno institucional y no demuestra generalización cross-site."
new_23,Update,Introducing 3DCNN ResNets for ASD full-body kinematic assessment: A comparison with hand-crafted features,10.1016/j.eswa.2024.126295,2025,Diagnosis,Research only,Automated measurement/classification,Not observed in assessed sources,Not observed in assessed sources,Prior source-specific extraction retained; no new full-text retrieval,"Retained source-specific coding after review of the supplied extraction notes; not a new full-text retrieval. n=81 (42 TD, 39 ASD); validación anidada repetida separada por sujeto; compara modelos end-to-end 3D CNN-ResNet con rasgos manuales y aplica SHAP. La validación interna está bien protegida contra mezcla de sujetos, pero el tamaño muestral sigue siendo pequeño y no existe cohorte externa independiente."
new_37,Update,Design of adaptive recommendation system for autism children using optimal feature selection-based adaptive dilated 1DCNN-LSTM with attention mechanism,10.1016/j.eswa.2024.125399,2025,Monitoring/intervention,Proposed only,Monitoring/longitudinal analysis,Post-decision,Not observed in assessed sources,Prior source-specific extraction retained; no new full-text retrieval,Retained source-specific coding after review of the supplied extraction notes; not a new full-text retrieval. Sistema adaptativo con selección/optimización MGSOA y red dilated 1DCNN-LSTM con atención para detectar estados y recomendar acciones; la evaluación descrita es computacional/simulada. No se identificó despliegue real ni evaluación clínica prospectiva; la modalidad primaria de datos no quedó suficientemente especificada para codificarla sin inferencia.
new_38,Update,Early detection of autism spectrum disorder using explainable AI and optimized teaching strategies,10.1016/j.jneumeth.2024.110315,2025,Screening,Proposed only,Triage/questionnaire assessment,Pre-decision,Not observed in assessed sources,Prior source-specific extraction retained; no new full-text retrieval,"Retained source-specific coding after review of the supplied extraction notes; not a new full-text retrieval. Combina dos datasets de toddlers, usa split 80:20, SMOTE, tres métodos de selección y ensamble LR-SVM; reporta 94% para ASD y 99.29% para estrategia docente. Aunque el título usa “explainable AI”, no se identificó SHAP/LIME u otro método XAI formal en el texto recuperado; se codificó solo interpretabilidad parcial por selección de rasgos. No hay validación externa independiente."
new_41,Update,A systematic evaluation of autism spectrum disorder identification with Scanpath Trend Analysis (STA),10.1016/j.bspc.2024.107414,2025,Screening,Research only,Triage/questionnaire assessment,Not observed in assessed sources,Not observed in assessed sources,Prior source-specific extraction retained; no new full-text retrieval,"Retained source-specific coding after review of the supplied extraction notes; not a new full-text retrieval. Evalúa STA en tres datasets de eye-tracking y diferentes páginas/tareas; obtiene ~60% de éxito, con menor variación que comparadores ML. La repetición en tres datasets muestra consistencia del algoritmo, pero no se identificó un esquema de entrenamiento fijo en una cohorte y validación externa en otra; no se codifica external validation."
new_46,Update,Recognition of autism in subcortical brain volumetric images using autoencoding-based region selection method and Siamese Convolutional Neural Network,10.1016/j.ijmedinf.2024.105707,2025,Diagnosis,Research only,Automated measurement/classification,Not observed in assessed sources,Not observed in assessed sources,Prior source-specific extraction retained; no new full-text retrieval,"Retained source-specific coding after review of the supplied extraction notes; not a new full-text retrieval. Usa ABIDE-II, autoencoder 3D para representación/selección regional y Siamese CNN; la selección MI alcanza accuracy máxima reportada cercana a 0.66. ABIDE-II es multisitio, pero no se identificó validación site-held-out. La selección de regiones aporta interpretabilidad anatómica parcial, no XAI formal."
new_47,Update,Leveraging deep learning for enhanced diagnosis of autism spectrum disorder using resting-state functional magnetic resonance imaging and clinical data,10.1016/j.rineng.2025.104444,2025,Diagnosis,Proposed only,Automated measurement/classification,In-decision,Not observed in assessed sources,Prior source-specific extraction retained; no new full-text retrieval,"Retained source-specific coding after review of the supplied extraction notes; not a new full-text retrieval. ABIDE (n≈1112) con conectividad rs-fMRI + datos fenotípicos; CNN-BiLSTM con atención y split interno 70/30. El conjunto es multisitio y multifuente, pero la evaluación reportada es un split interno; no se identificó site-held-out/cross-site validation. Atención arquitectónica no se contó como XAI sin análisis de explicación."
new_51,Update,Involution fused convolution for classifying eye-tracking patterns of children with Autism Spectrum Disorder,10.1016/j.engappai.2024.109475,2025,Screening,Research only,Triage/questionnaire assessment,Not observed in assessed sources,Not observed in assessed sources,Prior source-specific extraction retained; no new full-text retrieval,Retained source-specific coding after review of the supplied extraction notes; not a new full-text retrieval. Evalúa involution+convolution en dos datasets de eye-tracking y su combinación; el modelo IC con tres capas de involution supera comparadores. Se usa partición aleatoria tras combinar/aumentar imágenes. Esto plantea un riesgo potencial de dependencia entre imágenes/sujetos si la partición no fue totalmente subject-wise; no se afirma leakage porque el texto no lo demuestra.
new_59,Update,Advanced autism detection and visualization through XGBoost algorithm for fNIRS hemo-dynamic signals,10.1016/j.eswa.2025.127013,2025,Diagnosis,Research only,Automated measurement/classification,Not observed in assessed sources,Not observed in assessed sources,Prior source-specific extraction retained; no new full-text retrieval,"Retained source-specific coding after review of the supplied extraction notes; not a new full-text retrieval. Estudio clínico prospectivo con 24 ASD y 27 TD, fNIRS de 41 canales y XGBoost con validación anidada (outer 10, inner 5); reporta accuracy 96%. La validación es interna. Los autores reconocen muestra pequeña y ausencia de ADI-R/ADOS como gold-standard; no hay cohorte externa."
new_60,Update,Using convolutional network in graphical model detection of autism disorders with fuzzy inference systems,10.1016/j.ibmed.2025.100213,2025,Diagnosis,Research only,Automated measurement/classification,Not observed in assessed sources,Not observed in assessed sources,Prior source-specific extraction retained; no new full-text retrieval,"Retained source-specific coding after review of the supplied extraction notes; not a new full-text retrieval. Combina conectividad rs-fMRI y variables fenotípicas de ABIDE-I en un GCN multiescala con inferencia difusa; usa 11-fold CV interno. Aunque ABIDE-I es multisitio, no se identificó site-held-out validation. El sitio de adquisición aparece entre rasgos fenotípicos, lo que puede introducir dependencia del sitio; se requiere análisis específico antes de afirmar robustez cross-site."
new_63,Update,Enhancing autism spectrum disorder early detection with parent-child dyads block-play protocol and attention-enhanced hybrid deep learning framework,10.1016/j.engappai.2025.110430,2025,Screening,Research only,Triage/questionnaire assessment,Not observed in assessed sources,Not observed in assessed sources,Prior source-specific extraction retained; no new full-text retrieval,"Retained source-specific coding after review of the supplied extraction notes; not a new full-text retrieval. Protocolo de block-play parent-child con 40 ASD y 89 TD; cámara RGB, pose con Faster R-CNN+HRNet y clasificador 2sGCN-AxLSTM; accuracy reportada 89.6%. Datos recogidos prospectivamente en un único entorno y n=129; no hay validación externa independiente. El módulo de atención no se contó como XAI porque no se presentó como explicación clínica."
new_64,Update,Involvement of disulfidptosis in the pathophysiology of autism spectrum disorder,10.1016/j.lfs.2025.123531,2025,Not specified,Research only,Research characterization,Not observed in assessed sources,Not observed in assessed sources,Prior source-specific extraction retained; no new full-text retrieval,"Retained source-specific coding after review of the supplied extraction notes; not a new full-text retrieval. Identifies seven disulfidptosis-related genes and reports a predictive model (AUC 0.759) with external validation (AUC 0.811), plus animal follow-up. The paper is primarily mechanistic/biomarker research. External datasets support validation, but no real clinical workflow or site-held-out evaluation was demonstrated."
new_67,Update,Enhancing the identification of autism spectrum disorder in facial expressions using DenseResNet-Based transfer learning approach,10.1016/j.bspc.2024.107433,2025,Screening,Proposed only,Triage/questionnaire assessment,Pre-decision,Not observed in assessed sources,Prior source-specific extraction retained; no new full-text retrieval,"Retained source-specific coding after review of the supplied extraction notes; not a new full-text retrieval. DenseResNet combines DenseNet and ResNet transfer learning on facial images; 2526 training and 200 test images; reported accuracy 97.07%. Internal dataset evaluation only. No independent external cohort, prospective clinical workflow, cross-site test, or formal XAI was identified."
new_74,Update,Deep neurocomputational fusion for ASD diagnosis using multi-domain EEG analysis,10.1016/j.neucom.2025.130353,2025,Diagnosis,Research only,Automated measurement/classification,Not observed in assessed sources,Not observed in assessed sources,Prior source-specific extraction retained; no new full-text retrieval,"Retained source-specific coding after review of the supplied extraction notes; not a new full-text retrieval. EEFM fuses time/frequency EEG features using an LSTM autoencoder, XGBoost and linear regression; reported ASD-vs-TD accuracy is 93%. Multiple EEG collections do not by themselves establish independent external validation or cross-site robustness; no formal XAI was reported."
new_76,Update,Female autism categorization using CNN based NeuroNet57 and ant colony optimization,10.1016/j.compbiomed.2025.109926,2025,Diagnosis,Research only,Automated measurement/classification,Not observed in assessed sources,Not observed in assessed sources,Prior source-specific extraction retained; no new full-text retrieval,"Retained source-specific coding after review of the supplied extraction notes; not a new full-text retrieval. NeuroNet57 extracts ABIDE-I/II features, ACO selects features, and FineKNN reports 92.21% accuracy on ABIDE-I and 93.49% on ABIDE-II. ABIDE is multisite, but the recovered text did not document site-held-out testing or a fixed development-versus-external validation design."
new_78,Update,Capsule DenseNet++: Enhanced autism detection framework with deep learning and reinforcement learning-based lifestyle recommendation,10.1016/j.compbiomed.2025.110038,2025,Screening,Proposed only,Triage/questionnaire assessment,Pre-decision,Not observed in assessed sources,Prior source-specific extraction retained; no new full-text retrieval,"Retained source-specific coding after review of the supplied extraction notes; not a new full-text retrieval. Uses Capsule DenseNet++ with optimization for ASD screening on two public datasets and a PPO component for lifestyle recommendation; reported accuracies are about 99.2-99.3%. The two datasets were not documented as a fixed independent external-validation scheme, and the recommendation component was not evaluated in a prospective care workflow.
All-neural/optimization pipeline in recovered evidence; hybrid title is not sufficient for mixed conventional-ML/DL classification."
new_81,Update,Self-training EEG discrimination model with weakly supervised sample construction: An age-based perspective on ASD evaluation,10.1016/j.neunet.2025.107337,2025,Diagnosis,Research only,Automated measurement/classification,Not observed in assessed sources,Not observed in assessed sources,Prior source-specific extraction retained; no new full-text retrieval,"Retained source-specific coding after review of the supplied extraction notes; not a new full-text retrieval. STEM combines an autoencoder, depthwise-separable convolution, BiGRU and pseudo-label self-training across EEG data; reported accuracy is 88.33% and F1 87.24%. Use of several EEG datasets does not automatically prove external validation; no explicit site-held-out or prospective clinical evaluation was identified."
new_84,Update,Towards screening of children students with autism spectrum disorder based on executive functions with serious game and machine learning approaches,10.1016/j.eswa.2025.128884,2026,Screening,Research only,Triage/questionnaire assessment,Not observed in assessed sources,Not observed in assessed sources,Prior source-specific extraction retained; no new full-text retrieval,"Retained source-specific coding after review of the supplied extraction notes; not a new full-text retrieval. Three teachers supervised 12 children (6 ASD, 6 TD) over three months and 640 game sessions; Random Forest was best, with reported accuracy near 96%. Very small single-context sample. Data collection was prospective, but the classifier was not shown to operate as an independent deployed screening decision in routine practice."
new_86,Update,Optimized attention-enhanced U-Net for autism detection and region localization in MRI,10.1016/j.pscychresns.2025.111970,2025,Diagnosis,Research only,Automated measurement/classification,Not observed in assessed sources,Not observed in assessed sources,Prior source-specific extraction retained; no new full-text retrieval,"Retained source-specific coding after review of the supplied extraction notes; not a new full-text retrieval. An optimized attention-enhanced MRI pipeline classifies ASD and localizes abnormal regions; reported accuracy is 97.29% on ABIDE-derived data. ABIDE provides multisite data, but no site-held-out validation was identified. Region localization was coded as partial interpretability, not formal XAI."
new_97,Update,Child-therapist acoustic synchrony and response trajectories in autism intervention: an AI-based automated analysis using dynamic systems theory and affective computing,10.1016/j.etdah.2025.100176,2025,Monitoring/intervention,Research only,Monitoring/longitudinal analysis,Not observed in assessed sources,Not observed in assessed sources,Prior source-specific extraction retained; no new full-text retrieval,"Retained source-specific coding after review of the supplied extraction notes; not a new full-text retrieval. Follows 25 autistic preschoolers over one year of NDBI; 75 intervention videos are analyzed with automatic speech segmentation and CRQA acoustic synchrony. Prospective longitudinal data support monitoring research, but the AI output was analyzed as a research measure rather than used to alter therapy decisions in real time."
new_103,Update,Early fusion for Autism classification with biomarker detection using rs-fMRI and phenotypic data,10.1016/j.bspc.2025.108020,2025,Diagnosis,Research only,Automated measurement/classification,Not observed in assessed sources,Not observed in assessed sources,Prior source-specific extraction retained; no new full-text retrieval,Retained source-specific coding after review of the supplied extraction notes; not a new full-text retrieval. Early fusion combines rs-fMRI and phenotypic features; the study reports explainable biomarker analysis and leave-one-site-out evaluation on multisite ABIDE data. LOSO is strong evidence of site-level generalization but performance remains moderate; it is still retrospective research rather than prospective clinical deployment.
new_110,Update,A deep learning model for diagnosing autism using brain time series,10.1016/j.neuroscience.2025.08.001,2025,Diagnosis,Research only,Automated measurement/classification,Not observed in assessed sources,Not observed in assessed sources,Prior source-specific extraction retained; no new full-text retrieval,"Retained source-specific coding after review of the supplied extraction notes; not a new full-text retrieval. Uses ABIDE brain time series with an LSTM-attention architecture; evaluation uses an internal subject split and cross-validation, with no separate external test set. ABIDE is multisite, but the recovered evaluation is not site-held-out. Architectural attention was not counted as XAI without explicit explanation analysis."
new_118,Update,Massively parallel characterization of non-coding de novo mutations in autism spectrum disorder,10.1016/j.jgg.2025.07.008,2025,Not specified,Research only,Research characterization,Not observed in assessed sources,Not observed in assessed sources,Prior source-specific extraction retained; no new full-text retrieval,"Retained source-specific coding after review of the supplied extraction notes; not a new full-text retrieval. Analyzes ncDNMs from SSC and MSSNG using a cell-specific variant-effect model and MPRA follow-up, prioritizing ASD-risk regulatory mutations. This is mechanistic genomic research rather than a clinical-stage decision tool. Multiple cohorts/assays were not coded as formal multisource model fusion or cross-site validation."
new_122,Update,A novel hybrid deep learning model using MEResNextfor autism spectrum disorder detection,10.1016/j.compbiolchem.2025.108619,2026,Screening,Research only,Triage/questionnaire assessment,Not observed in assessed sources,Not observed in assessed sources,Prior source-specific extraction retained; no new full-text retrieval,"Retained source-specific coding after review of the supplied extraction notes; not a new full-text retrieval. Proposes MEResNeXt with feature selection for ASD detection on a structured toddler screening dataset and reports high classification performance. No independent external cohort, prospective workflow, cross-site test or formal XAI was identified in the recovered article text.
All-neural/optimization pipeline in recovered evidence; hybrid title is not sufficient for mixed conventional-ML/DL classification."
new_123,Update,FaithfulNet: An explainable deep learning framework for autism diagnosis using structural MRI,10.1016/j.brainres.2025.149904,2025,Diagnosis,Research only,Automated measurement/classification,Not observed in assessed sources,Not observed in assessed sources,Prior source-specific extraction retained; no new full-text retrieval,"Retained source-specific coding after review of the supplied extraction notes; not a new full-text retrieval. FaithfulNet classifies ABIDE-II sMRI and Faith_CAM combines Grad-CAM with SHAP for explanation/region localization; very high internal performance is reported. ABIDE-II is multisite, but no site-held-out or independent external validation was identified. Very high performance warrants leakage/partition review during human verification."
new_126,Update,CARE: Comprehensive Artificial Intelligence Techniques for Reliable Autism Evaluation in Pediatric Care,10.32604/cmc.2025.067784,2025,Screening,Proposed only,Triage/questionnaire assessment,Pre-decision,Not observed in assessed sources,Prior source-specific extraction retained; no new full-text retrieval,Retained source-specific coding after review of the supplied extraction notes; not a new full-text retrieval. CARE evaluates AutoML/CatBoost on a pediatric ASD-traits dataset and uses SHAP for explicit feature-level explanation. Retrospective/public structured-data modeling only; no independent external cohort or prospective pediatric workflow evaluation was demonstrated.
new_134,Update,ASD-HybridNet: A hybrid deep learning framework for detection of autism spectrum disorder,10.1016/j.mri.2025.110492,2025,Diagnosis,Research only,Automated measurement/classification,Not observed in assessed sources,Not observed in assessed sources,Prior source-specific extraction retained; no new full-text retrieval,"Retained source-specific coding after review of the supplied extraction notes; not a new full-text retrieval. ASD-HybridNet fuses ROI time-series and functional-connectivity representations from ABIDE-I; reported accuracy is about 71.87%. The fused inputs are representations of the same rs-fMRI source, so q3_multisource_data remains 0. ABIDE-I is multisite but no site-held-out test was identified."
new_146,Update,Deep learning-based detection of autism spectrum disorder and emotion recognition in children,10.1016/j.patcog.2025.112906,2026,Screening,Proposed only,Triage/questionnaire assessment,Pre-decision,Not observed in assessed sources,Prior source-specific extraction retained; no new full-text retrieval,"Retained source-specific coding after review of the supplied extraction notes; not a new full-text retrieval. Combines deep CNN architectures for child facial ASD detection and emotion recognition on public image datasets; ASD accuracy is reported near 95%. No external clinical cohort, prospective workflow or formal XAI was identified; explainability/multimodal extensions are presented as future directions."
new_149,Update,A new approach in autism diagnosis: Evaluating natural interaction using point of view (POV) glasses,10.1016/j.ajp.2025.104798,2026,Diagnosis,Research only,Automated measurement/classification,Not observed in assessed sources,Not observed in assessed sources,Prior source-specific extraction retained; no new full-text retrieval,"Retained source-specific coding after review of the supplied extraction notes; not a new full-text retrieval. Uses examiner-worn POV glasses with 29 ASD and 27 non-ASD children aged 17-36 months; CV features feed AdaBoost/decision trees, with reported AUC about 0.95. Prospective participant data were collected, but the model was not validated in an independent site/cohort or used to determine real clinical decisions during care.
Learned OpenFace/MediaPipe vision pipeline combined with conventional AdaBoost/tree classifier."
new_154,Update,A two-step temporal data augmentation and supervised learning framework for predicting autism diagnosis at 36 months in patients with tuberous sclerosis complex,10.1016/j.compbiomed.2026.111719,2026,Prognosis,Research only,Risk/trajectory estimation,Not observed in assessed sources,Not observed in assessed sources,Prior source-specific extraction retained; no new full-text retrieval,"Retained source-specific coding after review of the supplied extraction notes; not a new full-text retrieval. TACERN is a prospective longitudinal multisite study; DTI plus behavioral features from 93 children predict 36-month ASD diagnosis, with regularized logistic regression AUC about 0.808-0.831. Although the cohort is multisite and prospective, the recovered evaluation uses repeated train-test procedures rather than an explicit site-held-out or independent external validation cohort."
new_162,Update,EMLF-Net: A multi-level feature fusion network based on autism EEG signals for autism spectrum disorder classification,10.1016/j.bspc.2025.109180,2026,Diagnosis,Research only,Automated measurement/classification,Not observed in assessed sources,Not observed in assessed sources,Prior source-specific extraction retained; no new full-text retrieval,"Retained source-specific coding after review of the supplied extraction notes; not a new full-text retrieval. EMLF-Net fuses time- and frequency-domain EEG features; KAU results are 99.20% subject-dependent and 92.09% subject-independent; topographic analysis shows channel importance. Single small public dataset (12 ASD, 5 TD). Topographic/channel-importance visualization was coded as partial interpretability, not formal XAI."
new_180,Update,The effect of spatial and intensity level augmentation of structural magnetic resonance images on autism diagnosis model,10.1016/j.ajp.2026.104830,2026,Diagnosis,Research only,Automated measurement/classification,Not observed in assessed sources,Not observed in assessed sources,Prior source-specific extraction retained; no new full-text retrieval,"Retained source-specific coding after review of the supplied extraction notes; not a new full-text retrieval. Systematically evaluates spatial and intensity augmentation on structural MRI with ResNet34; combined augmentation improves reported AUC to 0.7433. ABIDE data are multisite, but no site-held-out cross-site evaluation was identified. The study evaluates augmentation robustness, not external clinical generalization."
new_181,Update,Human-centered AI for inclusive tourism: enhancing travel planning for adults with autism spectrum disorder,10.1016/j.ijhcs.2025.103696,2026,Monitoring/intervention,Evaluated AI-supported intervention,Assistive support,Post-decision,Post-decision,Prior source-specific extraction retained; no new full-text retrieval,"Retained source-specific coding after review of the supplied extraction notes; not a new full-text retrieval. CARES is a human-centered AI trip planner tested with 14 autistic adults, designed to reduce information overload while preserving user decision autonomy. The paper demonstrates an assistive user-facing intervention, not a clinical diagnostic workflow. The exact algorithm family does not map cleanly to ML/DL and is therefore left Not specified.
Assistive travel-planning user evaluation, not clinical treatment efficacy."
new_187,Update,Early Identification of Autism Spectrum Disorder using a Hybrid ViT–Mamba Multimodal Architecture,10.1016/j.procs.2026.06.363,2026,Screening,Proposed only,Triage/questionnaire assessment,Pre-decision,Not observed in assessed sources,Prior source-specific extraction retained; no new full-text retrieval,"Retained source-specific coding after review of the supplied extraction notes; not a new full-text retrieval. Combines handwriting and behavioral questionnaire data with a Mamba-enabled multimodal architecture; reported screening accuracy is 95%. Evaluation is experimental and the article itself describes uncertain/limited datasets; no independent external cohort, prospective deployment, site-held-out robustness, or formal XAI was identified.
All-neural/optimization pipeline in recovered evidence; hybrid title is not sufficient for mixed conventional-ML/DL classification."
new_188,Update,Baseline symptom severity and response to multisession cathodal transcranial direct current stimulation in adolescents and young adults with autism: an exploratory analysis,10.1016/j.jpsychires.2026.03.043,2026,Prognosis,Research only,Risk/trajectory estimation,Not observed in assessed sources,Not observed in assessed sources,Prior source-specific extraction retained; no new full-text retrieval,Retained source-specific coding after review of the supplied extraction notes; not a new full-text retrieval. Baseline ADI-R features were used to distinguish tDCS responders; SHAP linked lower verbal communication severity to greater RRB reduction and a model-derived threshold of 19.6 was reported. Exploratory analysis from a registered intervention protocol. The article explicitly calls for replication in larger independent cohorts; the exact base learner was not recoverable from the indexed text.
new_190,Update,DenWide-Net: Dense WideresNet for autism spectrum disorder detection using MRI image,10.1016/j.bspc.2025.108976,2026,Diagnosis,Research only,Automated measurement/classification,Not observed in assessed sources,Not observed in assessed sources,Prior source-specific extraction retained; no new full-text retrieval,"Retained source-specific coding after review of the supplied extraction notes; not a new full-text retrieval. Uses Acerta-ABIDE brain MRI with Wiener filtering, ROI extraction, fractional hiking optimization and Dense WideResNet; reported accuracy is about 91%. ABIDE is multisite, but no explicit site-held-out or independent external validation design was identified; no prospective clinical evaluation or formal XAI was reported.
All-neural/optimization pipeline in recovered evidence; hybrid title is not sufficient for mixed conventional-ML/DL classification."
new_199,Update,Artificial Intelligence for Enhancing Emotion Expression in Augmentative and Alternative Communication Systems: A Preliminary Study Including Children Both With and Without Autism.,10.1044/2026_ajslp-25-00469,2026,Monitoring/intervention,Proposed only,Assistive support,Post-decision,Not observed in assessed sources,Prior source-specific extraction retained; no new full-text retrieval,"Retained source-specific coding after review of the supplied extraction notes; not a new full-text retrieval. Twelve neurotypical children and four autistic children completed imitation and semispontaneous emotion tasks using DeepFace with individualized calibration; provisional accuracy and user experience were reported. Very small ASD subgroup and no active AAC users. The study is preliminary; multimodal inputs, broader populations and real-world AAC deployment remain future work.
Small emotion-task feasibility study, no active AAC users; not an integrated AAC clinical evaluation."
new_203,Update,Individuation of predictive parameters of posterior cranial fossa decompression in pediatric patients with Chiari I malformation and autism spectrum disorder,10.1007/s00381-025-07119-2,2026,Prognosis,Research only,Risk/trajectory estimation,Not observed in assessed sources,Not observed in assessed sources,Prior source-specific extraction retained; no new full-text retrieval,"Retained source-specific coding after review of the supplied extraction notes; not a new full-text retrieval. CT/MRI morphometry and a binary tree classifier identified tentorium angle as a potential predictor of postsurgical ASD symptom improvement in children with Chiari I malformation. Narrow comorbid pediatric population and retrospective/small-cohort design limit generalizability. The tree/cutoff is interpretable, but no external or prospective validation was identified.
CT and MRI morphometry"
new_204,Update,An automated detection system of autism spectrum disorder using meta-heuristic approach of adaptive LSTM with bayesian learning technique,10.1007/s13246-025-01681-4,2026,Diagnosis,Research only,Automated measurement/classification,Not observed in assessed sources,Not observed in assessed sources,Prior source-specific extraction retained; no new full-text retrieval,"Retained source-specific coding after review of the supplied extraction notes; not a new full-text retrieval. Combines MResNet feature extraction, adaptive cascaded-attention LSTM with Bayesian learning and metaheuristic optimization on ABIDE brain images. Public multisite dataset use does not establish independent external or site-held-out validation. Attention is architectural and was not counted as formal XAI.
All-neural/optimization pipeline in recovered evidence; hybrid title is not sufficient for mixed conventional-ML/DL classification."
new_208,Update,ADBrainNet: a deep neural network for Autism Spectrum Disorder (ASD) and Attention Deficit and Hyperactivity Disorder (ADHD) classification using resting-state fMRI images based on explainable artificial intelligence.,10.1007/s11517-026-03530-2,2026,Diagnosis,Research only,Automated measurement/classification,Not observed in assessed sources,Not observed in assessed sources,Prior source-specific extraction retained; no new full-text retrieval,"Retained source-specific coding after review of the supplied extraction notes; not a new full-text retrieval. ADBrainNet uses rs-fMRI from ABIDE and ADHD-200 and reports an independent external testing set; LIME was used to identify influential features. The abstract describes the external test together with five-fold cross-validation, so the exact independence of the external evaluation should be checked manually. No explicit site-held-out robustness analysis was identified.
External-test claim and five-fold CV are not sufficiently disambiguated in recovered evidence."
new_209,Update,Integrating EEG microstate dynamics in a stacked ensemble for neurodiagnostic ASD assessment,10.1016/j.bbr.2026.116220,2026,Diagnosis,Research only,Automated measurement/classification,Not observed in assessed sources,Not observed in assessed sources,Prior source-specific extraction retained; no new full-text retrieval,"Retained source-specific coding after review of the supplied extraction notes; not a new full-text retrieval. A stacked Random Forest ensemble integrates spectral/connectivity/complexity features with microstate and HMM dynamics, reaching 96.3% accuracy under GroupKFold validation. Validation is internal GroupKFold; no independent external cohort, multisite/site-held-out robustness, prospective evaluation, or formal XAI was identified."
new_213,Update,Identifying autism spectrum disorder diagnosis in children via temporal-frequency hyperdimensional computing with resting-state EEG,10.1016/j.eswa.2025.130671,2026,Diagnosis,Research only,Automated measurement/classification,Not observed in assessed sources,Not observed in assessed sources,Prior source-specific extraction retained; no new full-text retrieval,"Retained source-specific coding after review of the supplied extraction notes; not a new full-text retrieval. TF-HDC classifies resting-state EEG from 120 age-matched male participants (60 ASD, 60 TD) and reports about 90.9% accuracy while benchmarking conventional ML/DL models. Small single-cohort evaluation with no independent external dataset, site-held-out test, prospective clinical workflow, or formal XAI identified."
new_215,Update,Integrated transcriptomic and clinical analysis of autism spectrum disorder reveals structured heterogeneity and links Methyl-CpG Binding Domain Protein 2 expression with symptom severity,10.1111/pcn.70065,2026,Screening,Research only,Triage/questionnaire assessment,Not observed in assessed sources,Not observed in assessed sources,Prior source-specific extraction retained; no new full-text retrieval,"Retained source-specific coding after review of the supplied extraction notes; not a new full-text retrieval. Transcriptomic profiling (150 ASD/70 TD) and clinical data (200 ASD/110 TD) were analyzed with clustering, integrative modeling and clinical ML; a 17-transcript panel showed discriminative performance. Screening performance is explicitly within-cohort and no external/site-held-out validation was reported in the accessible text. Molecular clusters only partially corresponded to clinical phenotype."
new_218,Update,A Robust Computational Framework for Autism Spectrum Disorder Identification Using Optimized Image Processing and Hybrid Learning Models,10.1002/dneu.70028,2026,Screening,Proposed only,Triage/questionnaire assessment,Pre-decision,Not observed in assessed sources,Prior source-specific extraction retained; no new full-text retrieval,"Retained source-specific coding after review of the supplied extraction notes; not a new full-text retrieval. The hybrid pipeline was tested on AID, structured ASD screening data and ABIDE and reports very high performance (accuracy 99.95%). The accessible report does not establish a fixed development-versus-independent-external design or cross-site evaluation. Heterogeneous public datasets are evaluated, but explicit multisource fusion is not demonstrated.
Multiple datasets are described but the recovered evidence does not establish a single primary source or participant-linked multisource fusion."
new_222,Update,Adaptive network based fuzzy inference system efficientnet for autism spectrum disorder detection with optimization based pivotal region extraction,10.1016/j.pscychresns.2025.112109,2026,Diagnosis,Research only,Automated measurement/classification,Not observed in assessed sources,Not observed in assessed sources,Prior source-specific extraction retained; no new full-text retrieval,Retained source-specific coding after review of the supplied extraction notes; not a new full-text retrieval. ANFIS-EffNet combines fuzzy inference and EfficientNet with optimization-based pivotal-region extraction; reported accuracy is about 93.2% on ABIDE-related imaging. ABIDE-I/II use was treated as multisite evidence only; no explicit train-on-one/test-on-another or site-held-out robustness design was identified. Pivotal-region extraction was not counted as formal XAI.
new_223,Update,Identification of Autism Through Fractal Analysis of EEG Signals and Bayesian Optimized Artificial Neural Network,10.1002/ima.70326,2026,Diagnosis,Research only,Automated measurement/classification,Not observed in assessed sources,Not observed in assessed sources,Prior source-specific extraction retained; no new full-text retrieval,"Retained source-specific coding after review of the supplied extraction notes; not a new full-text retrieval. Five fractal-dimension measures from 16 EEG channels feed several classifiers; BO-ANN reached 97.38% accuracy and XGBoost feature importance identified influential channels/features. Small sample (29 ASD, 30 TD) and no independent external/site-held-out validation. Feature importance supports XAI coding but does not establish clinical interpretability or utility."
new_231,Update,Linguistic Explanations of Deep Models in Detecting Autism and Schizophrenia,10.1111/coin.70158,2025,Diagnosis,Research only,Automated measurement/classification,Not observed in assessed sources,Not observed in assessed sources,Prior source-specific extraction retained; no new full-text retrieval,Retained source-specific coding after review of the supplied extraction notes; not a new full-text retrieval. Integrated Gradients token attributions from HerBERT are mapped to syntactic and psycholinguistic variables and linked to feature importance and selected clinical tests. The indexed text does not expose the full sampling/validation design or evidence of independent external testing; data are restricted and available on request.
new_233,Update,Autism Screening Based on Deep Learning Analysis of Eye Movement Trajectories,10.1049/cvi2.70078,2026,Screening,Proposed only,Triage/questionnaire assessment,Pre-decision,Not observed in assessed sources,Prior source-specific extraction retained; no new full-text retrieval,Retained source-specific coding after review of the supplied extraction notes; not a new full-text retrieval. ET-ASDNet analyzes eye-movement trajectories and reports 85.19% and 72.67% accuracy on two public datasets. Use of two public datasets does not by itself establish external validation unless a fixed development/external design is shown. Attention/fusion modules were not counted as formal XAI.
new_235,Update,Automatic measurement of social gaze during naturalistic conversations in autism,10.1016/j.jpsychires.2026.05.015,2026,Diagnosis,Research only,Automated measurement/classification,Not observed in assessed sources,Not observed in assessed sources,Prior source-specific extraction retained; no new full-text retrieval,"Retained source-specific coding after review of the supplied extraction notes; not a new full-text retrieval. Videos from 46 autistic and 36 neurotypical participants were used to train an automatic gaze detector; granular gaze features correlated with ADOS-2 Social Affect and classified ASD vs NT at 73%. Cross-validation is internal and no independent cohort/site test was reported. Human-defined gaze features are interpretable, but no formal post-hoc XAI method was used."
new_236,Update,An image-based analytics framework for early autism detection using eye movements,10.1016/j.health.2025.100439,2025,Screening,Proposed only,Triage/questionnaire assessment,Pre-decision,Not observed in assessed sources,Prior source-specific extraction retained; no new full-text retrieval,"Retained source-specific coding after review of the supplied extraction notes; not a new full-text retrieval. GazeScan converts gaze trajectories into grayscale scanpath images and uses a lightweight CNN; five-fold CV on ETSP reports 97.01% accuracy and AUC 0.98. Public single-dataset internal cross-validation only; no independent external cohort, multisite robustness, prospective clinical evaluation, or formal XAI identified."
new_242,Update,Neurophysiological EEG Characterization of Autism Spectrum Disorder Using DWT-Based Frequency Analysis With Selective Electrodes and Brain Segmentation: An Explainable AI-Driven Approach,10.1096/fj.202600019r,2026,Diagnosis,Research only,Automated measurement/classification,Not observed in assessed sources,Not observed in assessed sources,Prior source-specific extraction retained; no new full-text retrieval,"Retained source-specific coding after review of the supplied extraction notes; not a new full-text retrieval. DWT features from 15 EEG electrodes were benchmarked across 21 models; Logistic Regression performed best at 88.57% accuracy, and explainability identified delta/theta power as key features. Preliminary small-cohort study with internal validation; the authors explicitly state that larger independent cohorts are needed."
new_244,Update,DHCA-Net: A Novel Dual-Stream Hierarchical Channel Attention Network for Explainable Autism Spectrum Disorder Detection From Facial Images,10.1002/jdn.70158,2026,Screening,Proposed only,Triage/questionnaire assessment,Pre-decision,Not observed in assessed sources,Prior source-specific extraction retained; no new full-text retrieval,"Retained source-specific coding after review of the supplied extraction notes; not a new full-text retrieval. DHCA-Net was tested on 2,936 facial images using train/test/validation splits and achieved 93.7% accuracy, F1 0.9365 and AUC 0.9887. Despite the word explainable in the title, the accessible report describes attention mechanisms but no explicit explanation method/output satisfying strict XAI criteria. Broader demographic generalization remains future work."
new_246,Update,MTT: Multi-Tier Transformer for Early Diagnosis of Autism Spectrum Disorder and Language Disorder in Infants,10.1111/coin.70131,2025,Diagnosis,Proposed only,Automated measurement/classification,In-decision,Not observed in assessed sources,Prior source-specific extraction retained; no new full-text retrieval,"Retained source-specific coding after review of the supplied extraction notes; not a new full-text retrieval. MTT uses resting-state infant EEG baseline power, SMOTE, transfer learning and feature/self/cross-attention; reported accuracy is 0.91 and AUC 0.97. No independent external/site-held-out evaluation is identified. Interpretability is attention-based only, so it was coded as partial rather than strict XAI."
new_248,Update,Optimized quadrangle attention consolidated convolutional multi-scale vision transformer based autism detection,10.1016/j.pscychresns.2026.112251,2026,Diagnosis,Proposed only,Automated measurement/classification,In-decision,Not observed in assessed sources,Prior source-specific extraction retained; no new full-text retrieval,"Retained source-specific coding after review of the supplied extraction notes; not a new full-text retrieval. Uses two facial-image datasets, AMGF preprocessing, GAN augmentation, DMM-AND feature extraction and an optimized convolutional multi-scale vision transformer; reported accuracies are 97.96% and 98.04%. Evaluation on two datasets is not documented as an independent external-validation design or site-held-out test in the accessible material; very high performance warrants independent replication.
All-neural/optimization pipeline in recovered evidence; hybrid title is not sufficient for mixed conventional-ML/DL classification."
new_249,Update,An early detection of autism spectrum disorder using machine learning,10.1016/j.compbiomed.2025.111238,2025,Screening,Proposed only,Triage/questionnaire assessment,Pre-decision,Not observed in assessed sources,Prior source-specific extraction retained; no new full-text retrieval,"Retained source-specific coding after review of the supplied extraction notes; not a new full-text retrieval. Baseline infant EEG power features were analyzed with DT, RF and SVM; SVM reached AUC 0.93 and SHAP was used to explain the best-performing model. The accessible record does not establish an independent external cohort, multisite evaluation or prospective clinical deployment."
new_250,Update,An Effective LRSF-DLNN-Based Autism Spectrum Disorder Prediction Using EEG and fMRI,10.1002/dneu.70047,2026,Diagnosis,Proposed only,Automated measurement/classification,In-decision,Not observed in assessed sources,Prior source-specific extraction retained; no new full-text retrieval,"Retained source-specific coding after review of the supplied extraction notes; not a new full-text retrieval. Combines EEG and fMRI after modality-specific preprocessing and feature extraction, followed by DFGAO feature selection and LRSF-DLNN classification; reported accuracy is 98.8%. No independent external validation, site-held-out robustness or explicit XAI method is established in the accessible material.
All-neural/optimization pipeline in recovered evidence; hybrid title is not sufficient for mixed conventional-ML/DL classification."
new_252,Update,A New Paradigm for Autism Spectrum Disorder Discrimination in Children Utilizing EEG Data Collected During Cartoon Viewing With a Focus on Atypical Semantic Processing,10.1002/aur.70105,2025,Diagnosis,Research only,Automated measurement/classification,Not observed in assessed sources,Not observed in assessed sources,Prior source-specific extraction retained; no new full-text retrieval,Retained source-specific coding after review of the supplied extraction notes; not a new full-text retrieval. EEG recorded during naturalistic cartoon viewing was linked to semantic representations derived from pretrained language models; the study reports ASD/TD discrimination and a validation analysis. The accessible description does not establish that the reported validation analysis used an independent external cohort; semantic annotations are stimulus descriptors rather than a second human data modality.
new_254,Update,Hybrid groupers-moray orangutan optimization algorithm-based dense-resolution network for autism spectrum disorder detection using multimodal data,10.1016/j.pscychresns.2026.112204,2026,Diagnosis,Proposed only,Automated measurement/classification,In-decision,Not observed in assessed sources,Prior source-specific extraction retained; no new full-text retrieval,"Retained source-specific coding after review of the supplied extraction notes; not a new full-text retrieval. Integrates MRI-derived features with phenotypic variables, applies feature selection/optimization and DRNet classification; reported accuracy is 92.77%. No independent external validation, prospective evaluation or explicit site-held-out robustness is established in the accessible record.
All-neural/optimization pipeline in recovered evidence; hybrid title is not sufficient for mixed conventional-ML/DL classification."
new_266,Update,Machine Learning-Based Early Prediction Model for Autism Spectrum Disorder in Infants Using Acoustic Feature,10.1002/aur.70179,2026,Prognosis,Research only,Risk/trajectory estimation,Not observed in assessed sources,Not observed in assessed sources,Prior source-specific extraction retained; no new full-text retrieval,"Retained source-specific coding after review of the supplied extraction notes; not a new full-text retrieval. In a prospective infant-sibling cohort, vocalizations at 9-18 months were parameterized into thousands of acoustic features, reduced with LASSO, and classified with SVM against ASD outcome confirmed at 36 months. The cohort is relatively small and the accessible record does not establish independent external validation; LASSO-based feature reduction is treated as partial interpretability rather than strict XAI."
new_269,Update,Predicting fine motor deficit in autism by measuring brain activities and characterizing motor impairments,10.1016/j.compbiomed.2026.111470,2026,Not specified,Research only,Research characterization,Not observed in assessed sources,Not observed in assessed sources,Prior source-specific extraction retained; no new full-text retrieval,"Retained source-specific coding after review of the supplied extraction notes; not a new full-text retrieval. The publisher article contains participant recruitment, data collection, Methods and Results. It integrates QEEG, Finger Tapping, Hand-Eye Coordination, Visual Memory and AQ-10 variables; logistic regression was the best model and RF Gini plots were used for feature interpretation. PubMed labels the record as Review, but the publisher full article is clearly an original empirical study with recruited participants and primary data collection. The metadata conflict should be checked independently; stage is left Not specified because the AI endpoint is fine-motor deficit rather than a unique ASD screening/diagnostic stage."
new_270,Update,Diagnosing autism spectrum disorders using ensemble-aided weighted fused features and attention-based residual LSTM with brain MRI images,10.1016/j.pscychresns.2026.112230,2026,Diagnosis,Proposed only,Automated measurement/classification,In-decision,Not observed in assessed sources,Prior source-specific extraction retained; no new full-text retrieval,"Retained source-specific coding after review of the supplied extraction notes; not a new full-text retrieval. Uses an ensemble CNN feature extractor, optimized weighted feature fusion and ARLSTM classification for MRI-based ASD diagnosis. Attention/recurrent architecture alone is not coded as XAI; no independent external, prospective or site-held-out evaluation is established in the accessible material.
All-neural/optimization pipeline in recovered evidence; hybrid title is not sufficient for mixed conventional-ML/DL classification."
new_271,Update,Early Autism Spectrum Disorder Detection Using SMOTE-Enhanced 1D-CNN and Behavioral Screening Data,10.1155/ahci/1316854,2025,Screening,Proposed only,Triage/questionnaire assessment,Pre-decision,Not observed in assessed sources,Prior source-specific extraction retained; no new full-text retrieval,"Retained source-specific coding after review of the supplied extraction notes; not a new full-text retrieval. Uses a public toddler-autism behavioral dataset with SMOTE and a 1D-CNN; evaluation is based on train/test splitting and internal cross-validation. Internal validation does not constitute external validation; no prospective workflow, multisite robustness or explicit XAI is reported."
new_273,Update,Optimizing Autism Spectrum Disorder Diagnosis with VGG16-Based Facial Landmark Recognition,10.1016/j.procs.2026.06.483,2026,Screening,Proposed only,Triage/questionnaire assessment,Pre-decision,Not observed in assessed sources,Prior source-specific extraction retained; no new full-text retrieval,Retained source-specific coding after review of the supplied extraction notes; not a new full-text retrieval. Applies VGG16 to a Kaggle facial-image dataset of autistic and non-autistic children and reports 98.1% classification accuracy. Single public image dataset and no independent external/prospective evaluation are established; performance may be sensitive to dataset leakage or source bias.
new_275,Update,Machine Learning Techniques to Uncover Sociodemographic Risk Factors of Autism Spectrum Disorder (ASD) Among Children and Adolescents in Bangladesh,10.1155/acis/6410913,2025,Prescreening,Research only,Risk/trajectory estimation,Not observed in assessed sources,Not observed in assessed sources,Prior source-specific extraction retained; no new full-text retrieval,"Retained source-specific coding after review of the supplied extraction notes; not a new full-text retrieval. Analyzes a Bangladesh dataset collected across multiple geographic locations; compares eight classifiers after feature selection, with decision tree reported as best, and identifies interpretable sociodemographic/perinatal predictors. The reported test/CV is internal and geographic sources are pooled rather than site-held-out; regional sampling limits generalizability."
new_277,Update,A comprehensive causal and machine learning framework for autism spectrum disorder risk prediction and high-risk subgroup identification from children with chronic health and genetic disorders in the United States,10.1016/j.reia.2026.202826,2026,Prescreening,Research only,Risk/trajectory estimation,Not observed in assessed sources,Not observed in assessed sources,Prior source-specific extraction retained; no new full-text retrieval,"National Survey of Children Health contains reported chronic/genetic conditions; these are survey variables, not measured genomic input."
new_280,Update,Sleep pattern consistency and autism spectrum disorder in U.S. children: Associations and identification of high-risk subgroups,10.1016/j.ridd.2025.105201,2026,Prescreening,Research only,Risk/trajectory estimation,Not observed in assessed sources,Not observed in assessed sources,Prior source-specific extraction retained; no new full-text retrieval,"Retained source-specific coding after review of the supplied extraction notes; not a new full-text retrieval. Analyzes 63,866 children from the 2022-2023 NSCH using sleep routines, demographics and comorbidities with regression/ML to identify ASD-associated risk profiles and high-risk subgroups. Cross-sectional survey prediction does not establish prospective or external validation; interpretable risk profiles are coded as partial rather than strict XAI."
new_286,Update,Identification of Potential Biomarkers in ASD Integrating RNA Seq Data and Machine Learning Approaches,10.3233/shti260609,2026,Screening,Research only,Triage/questionnaire assessment,Not observed in assessed sources,Not observed in assessed sources,Prior source-specific extraction retained; no new full-text retrieval,"Retained source-specific coding after review of the supplied extraction notes; not a new full-text retrieval. Uses RNA-seq gene-expression data from NCBI GEO, compares RF and XGBoost with fivefold CV, and ranks a compact set of candidate transcriptomic biomarkers. Small dataset and internal CV only; ranked biomarkers are treated as partial interpretability, not strict XAI or external validation."
new_287,Update,REM Sleep Abnormalities in Children With Autism Spectrum Disorder,10.1002/aur.70222,2026,Diagnosis,Research only,Automated measurement/classification,Not observed in assessed sources,Not observed in assessed sources,Prior source-specific extraction retained; no new full-text retrieval,"Retained source-specific coding after review of the supplied extraction notes; not a new full-text retrieval. Matched ASD and non-ASD participants from the NCH Sleep Databank, compared ML models on REM-sleep features, and used SHAP to identify discriminative predictors. Single databank analysis without independent external or prospective validation; SHAP supports strict XAI coding."
new_289,Update,Diagnosis of autism disorder from rs-fMRI brain images through hierarchical YOLO and mechanism of attention (HYMA),10.1016/j.asoc.2026.114655,2026,Diagnosis,Research only,Automated measurement/classification,Not observed in assessed sources,Not observed in assessed sources,Prior source-specific extraction retained; no new full-text retrieval,"Retained source-specific coding after review of the supplied extraction notes; not a new full-text retrieval. HYMA combines axis-specific YOLO experts, attention and expert fusion; the publisher explicitly reports subject-wise and cross-site evaluations on ABIDE I/II and interprets attention maps over clinically relevant brain regions. The 99.3% accuracy is unusually high for ABIDE and merits independent replication. Cross-site robustness is counted because the paper explicitly reports cross-site evaluation, but external validation is kept at 0 because the exact independent train/external-test relationship is not unambiguously established.
All-neural/optimization pipeline in recovered evidence; hybrid title is not sufficient for mixed conventional-ML/DL classification."
new_295,Update,Comparing Machine Learning Models for Pupillary Light Reflex–Based Autism Spectrum Disorder Classification,10.1155/acis/1906938,2026,Screening,Proposed only,Triage/questionnaire assessment,Pre-decision,Not observed in assessed sources,Prior source-specific extraction retained; no new full-text retrieval,Retained source-specific coding after review of the supplied extraction notes; not a new full-text retrieval. Compares conventional classifiers and a DNN on pupillary-light-reflex features from ASD and typically developing children; the DNN gives the strongest test performance. Small sample and no independent external/prospective validation or explicit explainability analysis.
new_296,Update,Deep learning for diagnosing autism spectrum disorder using EEG with upright and inverted face processing tasks,10.1016/j.bspc.2026.109655,2026,Diagnosis,Research only,Automated measurement/classification,Not observed in assessed sources,Not observed in assessed sources,Prior source-specific extraction retained; no new full-text retrieval,"Retained source-specific coding after review of the supplied extraction notes; not a new full-text retrieval. Uses raw EEG recorded from ASD and TD children during upright/inverted face-processing tasks and evaluates lightweight one-dimensional CNN architectures for classification. Accessible material does not establish prospective enrollment, independent external validation, site-held-out robustness or formal XAI."
new_298,Update,Effects of conversational AI-enhanced peer-mediated intervention by peers with intellectual disabilities on conversational skills in children with ASD,10.1016/j.ridd.2026.105249,2026,Monitoring/intervention,Evaluated AI-supported intervention,Adaptive intervention,Post-decision,Post-decision,Prior source-specific extraction retained; no new full-text retrieval,"Retained source-specific coding after review of the supplied extraction notes; not a new full-text retrieval. A multiple-probe/alternating-treatment intervention compares conversational-AI-enhanced peer mediation with peer-mediated instruction alone and reports gains in initiations, responses, lexical diversity and generalization. The underlying conversational model is not technically specified in the accessible material; the small single-case design limits generalizability despite real intervention deployment."
new_299,Update,Decoding the Neural Basis of Sensory Phenotypes in Autism,10.1016/j.bpsc.2025.12.013,2026,Not specified,Research only,Research characterization,Not observed in assessed sources,Not observed in assessed sources,Prior source-specific extraction retained; no new full-text retrieval,"Retained source-specific coding after review of the supplied extraction notes; not a new full-text retrieval. Uses POND Network data to derive sensory phenotypes from Short Sensory Profile scores and classify phenotype pairs using graph-theoretical rs-fMRI features and linear SVC. POND is multisite, but no site-held-out generalization analysis is reported. SSP is used to define labels rather than fused as a second model-input modality, so multisource integration is not counted."
new_306,Update,Hybrid ensemble learning for Autism Spectrum Disorder screening using eye-tracking scanpath,10.1016/j.array.2026.100753,2026,Screening,Proposed only,Triage/questionnaire assessment,Pre-decision,Not observed in assessed sources,Prior source-specific extraction retained; no new full-text retrieval,"Retained source-specific coding after review of the supplied extraction notes; not a new full-text retrieval. Benchmarks bagging, boosting and stacking on eye-tracking scanpaths; stacking reaches about 0.96 accuracy and the article explicitly argues that raw scanpath representation improves interpretability. Very small benchmark sample and internal fivefold CV; the interpretability claim lacks a formal attribution method and is therefore coded only as partial XAI."
new_316,Update,Identifying Immune-related Molecular Biomarkers in Autism Spectrum Disorder Using Data-independent Acquisition Proteomics and Machine Learning.,10.3791/68949,2025,Diagnosis,Research only,Automated measurement/classification,Not observed in assessed sources,Not observed in assessed sources,Prior source-specific extraction retained; no new full-text retrieval,"Retained source-specific coding after review of the supplied extraction notes; not a new full-text retrieval. Serum proteomics in ASD and age-matched controls yielded an immune-related protein panel modeled with logistic regression; the biomarker panel is also checked using an orthogonal ELISA assay. Accessible material does not establish that ELISA validation used an independent cohort, so external validation is not counted. The compact biomarker panel supports partial interpretability."
new_319,Update,Enhanced detection of autism spectrum disorder through neuroimaging data using stack classifier ensembled with modified VGG-19,10.1177/02841851251333974,2025,Diagnosis,Research only,Automated measurement/classification,Not observed in assessed sources,Not observed in assessed sources,Prior source-specific extraction retained; no new full-text retrieval,"Retained source-specific coding after review of the supplied extraction notes; not a new full-text retrieval. Combines structural and functional MRI from ABIDE I and II with conventional classifiers, stacking and modified VGG-19 features; performance is reported separately for both datasets. ABIDE is multisite and the model is multimodal, but the accessible description does not establish site-held-out robustness or a strict independent external-validation design.
Structural and functional MRI combined"
new_323,Update,Energy-Efficient EEG-Based Autism Spectrum Disorder Detection Using a Hyperbolic Attention Neural Network,10.1002/dneu.70011,2026,Diagnosis,Proposed only,Automated measurement/classification,In-decision,Not observed in assessed sources,Prior source-specific extraction retained; no new full-text retrieval,"Retained source-specific coding after review of the supplied extraction notes; not a new full-text retrieval. EEG is denoised and transformed with DT-DWT, features are selected with Parrot Optimization, and HyperCrossNet with Pied Kingfisher Optimization is used for ASD classification; the abstract reports 99.92% accuracy. Public benchmark evaluation with extremely high performance; no independent external cohort, site-held-out analysis, prospective evaluation, or formal XAI was established in the accessible evidence."
new_326,Update,Classification of Autism Spectrum Disorder Using Edge-Weight Enhanced Graph Attention Network With Multiple Features of Resting-State fNIRS Signals,10.1002/jbio.202500138,2025,Diagnosis,Research only,Automated measurement/classification,Not observed in assessed sources,Not observed in assessed sources,Prior source-specific extraction retained; no new full-text retrieval,"Retained source-specific coding after review of the supplied extraction notes; not a new full-text retrieval. Resting-state fNIRS from 22 TD and 25 ASD children was represented with HbO/Hb node and edge features and classified using EWE-GAT; reported accuracy was 97.92%. Very small single cohort; no independent external validation, prospective workflow evaluation, or explicit site-robustness analysis was established."
new_334,Update,Constructing a Predictive Model for Children with Autism Spectrum Disorder Based on Whole-Brain MR Radiomics: A Machine Learning Study,10.3174/ajnr.a8939,2026,Diagnosis,Research only,Automated measurement/classification,Not observed in assessed sources,Not observed in assessed sources,Prior source-specific extraction retained; no new full-text retrieval,"Retained source-specific coding after review of the supplied extraction notes; not a new full-text retrieval. Whole-brain structural-MRI radiomics and VIQ were modeled in 223 ABIDE participants, with an independent external set of 87 participants from Georgetown and Miami; the decision-tree joint model achieved AUCs 0.87/0.84/0.83 in training/test/external sets. External validation is present, but the accessible report does not describe an explicit leave-site-out robustness design. The radiomics signature and VIQ provide feature-level interpretability rather than a formal post-hoc XAI method.
Independent external sample from Georgetown and Miami supports cross-site testing; LOSO is not the only valid cross-site design."
new_342,Update,Auditory brainstem response abnormalities in autism spectrum disorder: A deep learning approach to characterize time-frequency signatures,10.1016/j.heares.2026.109654,2026,Screening,Research only,Triage/questionnaire assessment,Not observed in assessed sources,Not observed in assessed sources,Prior source-specific extraction retained; no new full-text retrieval,"Retained source-specific coding after review of the supplied extraction notes; not a new full-text retrieval. A dual-branch TF-TBN combines raw ABR waveforms and CWT spectrograms from 1,209 recordings; reported accuracy was 96.62%, and interpretability analysis linked decisions to wave III/V and interpeak latency abnormalities. No independent external cohort, site-held-out evaluation, or prospective clinical deployment was identified in the accessible material.
All-neural/optimization pipeline in recovered evidence; hybrid title is not sufficient for mixed conventional-ML/DL classification."
new_343,Update,An explainable machine unlearning algorithm framework for early detection of autism spectrum disorder and brain disabilities in newborns,10.1016/j.aej.2026.04.002,2026,Screening,Proposed only,Triage/questionnaire assessment,Pre-decision,Not observed in assessed sources,Prior source-specific extraction retained; no new full-text retrieval,"Retained source-specific coding after review of the supplied extraction notes; not a new full-text retrieval. MUXAI-ASDBD combines CNN-based modeling, partition-oriented explainability and machine unlearning across screening, MRI and EEG benchmark datasets; the paper reports strong classification performance. Benchmark-based evaluation across heterogeneous tasks/datasets does not establish prospective clinical deployment or an independent external/site-held-out validation protocol.
Multiple datasets are described but the recovered evidence does not establish a single primary source or participant-linked multisource fusion."
new_347,Update,Vision transformer and complex network analysis for autism spectrum disorder classification in T1 structural MRI,10.1007/s11604-025-01832-3,2025,Diagnosis,Research only,Automated measurement/classification,Not observed in assessed sources,Not observed in assessed sources,Prior source-specific extraction retained; no new full-text retrieval,"Retained source-specific coding after review of the supplied extraction notes; not a new full-text retrieval. T1 structural MRI from ABIDE was analyzed using complex-network analysis and Vision Transformer features across multiple federated combinations; the CNA(KNN)-ViT(NN) configuration reported accuracy 0.951 and AUC 0.98. ABIDE is multisite, but the reported evaluation is internal five-fold validation rather than an explicit site-held-out or independent external robustness test."
new_349,Update,Dominant cross-frequency analysis-based early diagnosis of Autism Spectrum Disorder in pediatrics using FRHIS and DSTCNN,10.1016/j.pscychresns.2026.112270,2026,Diagnosis,Research only,Automated measurement/classification,Not observed in assessed sources,Not observed in assessed sources,Prior source-specific extraction retained; no new full-text retrieval,"Retained source-specific coding after review of the supplied extraction notes; not a new full-text retrieval. The study applies dominant cross-frequency EEG analysis, FRHIS/CRBM-based feature processing and a DSTCNN classifier for pediatric ASD; the abstract reports 99.03% accuracy. The very high reported performance is not accompanied by an independent external cohort, prospective evaluation, or explicit cross-site robustness analysis in the accessible source.
All-neural/optimization pipeline in recovered evidence; hybrid title is not sufficient for mixed conventional-ML/DL classification."
new_354,Update,Contrastive diffusion adaptation network with rs-fMRI for domain adaptation classification of autism spectrum disorder,10.1016/j.asoc.2026.115959,2026,Diagnosis,Research only,Automated measurement/classification,Not observed in assessed sources,Not observed in assessed sources,Prior source-specific extraction retained; no new full-text retrieval,"Retained source-specific coding after review of the supplied extraction notes; not a new full-text retrieval. CoNA-Net combines contrastive graph representation learning, diffusion-based augmentation and brain-node attention to address domain shift across ABIDE sites and to identify influential brain regions. Cross-site/domain-adaptation testing supports robustness but is not equivalent to an independent prospective external clinical validation cohort.
All-neural/optimization pipeline in recovered evidence; hybrid title is not sufficient for mixed conventional-ML/DL classification."
new_355,Update,Hybrid HOG–ResNet50V2 framework for early autism spectrum disorder detection from facial images,10.1016/j.array.2026.100936,2026,Screening,Proposed only,Triage/questionnaire assessment,Pre-decision,Not observed in assessed sources,Prior source-specific extraction retained; no new full-text retrieval,"Retained source-specific coding after review of the supplied extraction notes; not a new full-text retrieval. The study combines HOG descriptors with ResNet50V2 transfer learning for ASD classification from facial images. The accessible material does not establish independent external validation, prospective deployment, cross-site robustness, or an explicit XAI method.
HOG is a hand-crafted descriptor, not a learned conventional ML classifier; classifier is ResNet50V2."
new_364,Update,Smart detection of autism spectrum disorder using optimized deep learner for transforming early diagnosis and intervention,10.1007/s12065-026-01162-x,2026,Screening,Proposed only,Triage/questionnaire assessment,Pre-decision,Not observed in assessed sources,Prior source-specific extraction retained; no new full-text retrieval,"Retained source-specific coding after review of the supplied extraction notes; not a new full-text retrieval. The full text describes experiments on the Reddit Mental Health Dataset and ASD Screening Dataset, including stratified 70/15/15 train/validation/test splits and reported performance near 99%. Material reporting contradiction: the Methods/Results explicitly analyze two datasets, while the Data Availability statement says no datasets were generated or analysed. Inclusion is retained provisionally, but this requires high-priority human verification before final synthesis.
The full text describes experiments on the Reddit Mental Health Dataset and ASD Screening Dataset, including stratified 70/15/15 train/validation/test splits and reported performance near 99%. Material reporting contradiction: the Methods/Results explicitly analyze two datasets, while the Data Availability statement says no datasets were generated or analysed. Inclusion is retained provisionally, but this requires high-priority human verification before final synthesis.
Material reporting/source-lineage inconsistency preserved; excluded in conservative sensitivity analysis."
new_366,Update,Hybrid deep learning with cross-attention fusion for autism spectrum disorder classification from facial images,10.1016/j.ibmed.2026.100421,2026,Screening,Proposed only,Triage/questionnaire assessment,Pre-decision,Not observed in assessed sources,Prior source-specific extraction retained; no new full-text retrieval,"Retained source-specific coding after review of the supplied extraction notes; not a new full-text retrieval. A hybrid ResNet-152-CBAM/ViT-Large model with bidirectional cross-attention, weighted ensemble and test-time augmentation is evaluated on 2,940 public facial images; Grad-CAM highlights periocular regions and the ensemble reports 92% accuracy. The article reports a fixed 86.4%/3.4%/10.2% train/validation/test partition while the abstract also reports mean±SD across 5-fold cross-validation, creating an evaluation-protocol inconsistency that should be reconciled manually. No independent external dataset was used.
A hybrid ResNet-152-CBAM/ViT-Large model with bidirectional cross-attention, weighted ensemble and test-time augmentation is evaluated on 2,940 public facial images; Grad-CAM highlights periocular regions and the ensemble reports 92% accuracy. The article reports a fixed 86.4%/3.4%/10.2% train/validation/test partition while the abstract also reports mean±SD across 5-fold cross-validation, creating an evaluation-protocol inconsistency that should be reconciled manually. No independent external dataset was used.
Material reporting/source-lineage inconsistency preserved; excluded in conservative sensitivity analysis.
All-neural/optimization pipeline in recovered evidence; hybrid title is not sufficient for mixed conventional-ML/DL classification."
new_371,Update,A Hybrid CNN-GAT Model for MRI Screening of Autism Spectrum Disorder,10.1007/978-3-032-14531-4_4,2026,Screening,Proposed only,Triage/questionnaire assessment,Pre-decision,Not observed in assessed sources,Prior source-specific extraction retained; no new full-text retrieval,"Retained source-specific coding after review of the supplied extraction notes; not a new full-text retrieval. Springer identifies this as a full conference paper in peer-reviewed MIND 2024 proceedings. The study proposes a hybrid CNN-GAT on publicly accessible MRI data and reports 88% ASD versus non-ASD classification accuracy. GAT attention is used to identify critical brain regions/connections. No independent external cohort, prospective clinical evaluation, or explicit cross-site robustness was established from the accessible evidence."
new_373,Update,Multi-feature fusion transformer network for Autism spectrum disorder detection via facial images,10.1016/j.bspc.2026.110970,2026,Screening,Proposed only,Triage/questionnaire assessment,Pre-decision,Not observed in assessed sources,Prior source-specific extraction retained; no new full-text retrieval,"Retained source-specific coding after review of the supplied extraction notes; not a new full-text retrieval. MACFUT fuses facial-image features with landmark geometry, is trained on AFID with 10-fold CV, and is tested on an independent Bangladesh dataset (BACFED), reporting 86.51% external accuracy/AUC 94.78%; attention maps and facial anthropometry support interpretation. External cross-dataset testing strengthens generalization evidence, but the system is not prospectively deployed and image-source/demographic biases remain possible. Landmarks are derived from the same image source, so this was not counted as multisource data.
AFID development followed by BACFED independent Bangladesh image dataset test."
new_383,Update,Longitudinal multi-omics analysis of umbilical cord blood and childhood serum in Autism,10.1038/s41380-025-03157-z,2026,Prognosis,Research only,Risk/trajectory estimation,Not observed in assessed sources,Not observed in assessed sources,Prior source-specific extraction retained; no new full-text retrieval,"Retained source-specific coding after review of the supplied extraction notes; not a new full-text retrieval. Within the BASELINE birth cohort, cord-blood proteomics/metabolomics from children later diagnosed with autism were analyzed and followed with childhood serum profiling; ML prediction models reported AUROC 0.82-0.85. The omics case numbers are small (22 future ASD cases in cord blood; 24 in follow-up), and the accessible report does not identify an independent external validation cohort or the specific ML family. Longitudinal collection supports prospective-evidence coding, not prospective clinical deployment.
Proteomics and metabolomics combined"
new_386,Update,3T dilated inception network for enhanced autism spectrum disorder diagnosis using resting-state fMRI data,10.1007/s11571-024-10202-0,2025,Diagnosis,Research only,Automated measurement/classification,Not observed in assessed sources,Not observed in assessed sources,Prior source-specific extraction retained; no new full-text retrieval,"Retained source-specific coding after review of the supplied extraction notes; not a new full-text retrieval. 3T-DINet combines dilated inception, ResNet components and optimization and is evaluated across five ASD rs-fMRI datasets. Use of multiple ASD datasets was coded as multisite/multidataset evidence, but the accessible report does not establish an explicit leave-site-out or independent prospective external-validation design."
new_387,Update,Predicting pragmatic language abilities from brain structural MRI in preschool children with ASD by NBS-Predict,10.1007/s00787-025-02775-w,2025,Diagnosis,Research only,Automated measurement/classification,Not observed in assessed sources,Not observed in assessed sources,Prior source-specific extraction retained; no new full-text retrieval,"Retained source-specific coding after review of the supplied extraction notes; not a new full-text retrieval. In 92 preschool children with ASD and 52 TD controls, NBS-Predict identified a 42-connection structural subnetwork; an LDA classifier reported 79.4% ASD/TD accuracy and the network also showed a modest association with pragmatic-language ability. Single-center/cross-sectional evidence with no independent external validation. Diagnosis is used as the primary stage because the qualifying ASD/TD classifier is explicit; the paper also emphasizes pragmatic-language characterization."
new_391,Update,Cell death-associated genes as novel diagnostic biomarkers for autism spectrum disorder,10.1007/s10495-025-02201-1,2026,Diagnosis,Research only,Automated measurement/classification,Not observed in assessed sources,Not observed in assessed sources,Prior source-specific extraction retained; no new full-text retrieval,"Retained source-specific coding after review of the supplied extraction notes; not a new full-text retrieval. Six ML algorithms and WGCNA were used to derive a six-gene diagnostic panel; KNN performed best, with external human blood GSE42133 AUC 0.722 and local-sample AUC 0.781. External human validation is present but discrimination is moderate; mouse prefrontal-cortex validation is not counted as clinical external validation, and real-world replication remains needed."
new_393,Update,Integrating explainable AI with machine learning for reliable autism spectrum disorder diagnosis,10.1007/s42454-025-00087-7,2025,Screening,Proposed only,Triage/questionnaire assessment,Pre-decision,Not observed in assessed sources,Prior source-specific extraction retained; no new full-text retrieval,"Retained source-specific coding after review of the supplied extraction notes; not a new full-text retrieval. The study compares LR, DT, RF, SVM, KNN, CNN and XGBoost on structured toddler/child/adult ASD screening data; XGBoost is reported as best and explanations are generated with LIME and SHAP. Very high reported performance is based on benchmark/combined structured screening data; no independent external cohort, site-held-out analysis or prospective clinical deployment was established in the accessible full text."
new_398,Update,Diagnostic Classification of Autism Spectrum Disorder Using SD Maps of fMRI Data and Machine Learning,10.1007/s40846-026-01044-8,2026,Diagnosis,Research only,Automated measurement/classification,Not observed in assessed sources,Not observed in assessed sources,Prior source-specific extraction retained; no new full-text retrieval,"Retained source-specific coding after review of the supplied extraction notes; not a new full-text retrieval. 3D SD maps from ABIDE-I/II rs-fMRI were converted to 110 features and evaluated with LR, ridge, gradient boosting and XGBoost using 5-fold nested CV; LR achieved mean accuracy 70.71%. Nested cross-validation is methodologically stronger than a simple split but does not establish an independent/site-held-out external validation. Feature-contribution analysis was coded as partial interpretability, not strict XAI."
new_5,Update,An exploration of machine learning approaches for early Autism Spectrum Disorder detection,10.1016/j.health.2024.100379,2025,Screening,Proposed only,Triage/questionnaire assessment,Pre-decision,Not observed in assessed sources,Prior source-specific extraction retained; no new full-text retrieval,Child/toddler public datasets are not necessarily distinct clinical sites; geographic multisite provenance is not established.
new_11,Update,Ensembler_fMRI: An Intelligent Approach for the Early Prediction of Autism Disorder,10.1016/j.procs.2025.04.142,2025,Diagnosis,Research only,Automated measurement/classification,Not observed in assessed sources,Not observed in assessed sources,Prior source-specific extraction retained; no new full-text retrieval,"Retained source-specific coding after review of the supplied extraction notes; not a new full-text retrieval. Ensembler_fMRI combines multiple AI techniques on fMRI data from ABIDE and ADHD-200 to distinguish ASD from ADHD; the abstract reports 98% accuracy. Use of multisite/multidataset repositories does not itself demonstrate held-out cross-site robustness or external validation; component model details are incomplete in the accessible abstract.
Do not infer mixed ML/DL from ensemble terminology."
new_16,Update,Unraveling pathogenesis and potential biomarkers for autism spectrum disorder associated with HIF1A pathway based on machine learning and experiment validation,10.1016/j.nbd.2024.106763,2025,Diagnosis,Research only,Automated measurement/classification,Not observed in assessed sources,Not observed in assessed sources,Prior source-specific extraction retained; no new full-text retrieval,"Retained source-specific coding after review of the supplied extraction notes; not a new full-text retrieval. Human GEO transcriptomic data are used to identify HIF1A-related hub genes with ML; single-cell analysis and MIA mouse/cell experiments support mechanistic interpretation. Human data therefore prevent an animal-only exclusion. Animal/cell validation is mechanistic, not independent clinical external validation; the accessible abstract does not identify a site-held-out human validation design or the exact ML family used for hub-gene selection."
new_27,Update,Developing a simplified measure to predict the risk of autism spectrum disorders: Abbreviating the M-CHAT-R using a machine learning approach in China,10.1016/j.psychres.2025.116353,2025,Screening,Proposed only,Triage/questionnaire assessment,Pre-decision,Not observed in assessed sources,Prior source-specific extraction retained; no new full-text retrieval,"Retained source-specific coding after review of the supplied extraction notes; not a new full-text retrieval. Retrospective analysis of 6,049 Chinese toddlers combines M-CHAT-R items with 17 sociodemographic/environmental factors, uses multiple feature-selection methods and six ML models, and derives a shortened screening measure. Derived from an existing validation cohort and not independently externally validated; strong sensitivity/specificity can coexist with low PPV in low-prevalence screening, so clinical utility should not be inferred from discrimination alone."
new_31,Update,Replication of rs10099100 Association with Autism Spectrum Disorder Risk in a Polish‐Origin Cohort,10.1016/j.reia.2025.202542,2025,Diagnosis,Research only,Automated measurement/classification,Not observed in assessed sources,Not observed in assessed sources,Prior source-specific extraction retained; no new full-text retrieval,"Retained source-specific coding after review of the supplied extraction notes; not a new full-text retrieval. A Polish-origin ASD/control cohort is analyzed with Boruta and Random Forest to prioritize genetic and phenotypic markers, including replication of rs10099100-related risk evidence. Single ancestry-specific cohort with no independent external validation; association/feature importance is not equivalent to prospective screening performance."
new_42,Update,Enhancing Early Diagnosis of Autism Spectrum Disorder Using a Bayesian-Optimized Random Forest Algorithm,10.1016/j.procs.2025.04.389,2025,Screening,Proposed only,Triage/questionnaire assessment,Pre-decision,Not observed in assessed sources,Prior source-specific extraction retained; no new full-text retrieval,"Retained source-specific coding after review of the supplied extraction notes; not a new full-text retrieval. Uses Bayesian optimization to tune a Random Forest on behavioral, cognitive and demographic ASD variables; the paper reports very high classification performance. No independent external cohort, prospective deployment, or explicit explanation method was established; near-ceiling performance on structured ASD datasets requires careful leakage/selection-bias checks."
new_45,Update,Autism Spectrum Disorder Detection using Attention-Based CNN and ML Classifiers,10.1016/j.procs.2025.04.671,2025,Diagnosis,Research only,Automated measurement/classification,Not observed in assessed sources,Not observed in assessed sources,Prior source-specific extraction retained; no new full-text retrieval,"Retained source-specific coding after review of the supplied extraction notes; not a new full-text retrieval. An attention-based CNN/Squeeze-and-Excitation pipeline extracts fMRI features and feeds ML classifiers for ASD detection on ABIDE; very high accuracy is reported. ABIDE is multisite, but no explicit site-held-out or independent external evaluation was established. Architectural attention was not counted as XAI because no explanation analysis was demonstrated."
new_56,Update,Effective AI Techniques for Analyzing Risk Factors in Autism Spectrum Disorder (ASD),10.1016/j.procs.2025.10.018,2025,Prescreening,Research only,Risk/trajectory estimation,Not observed in assessed sources,Not observed in assessed sources,Prior source-specific extraction retained; no new full-text retrieval,Risk-factor identification without a demonstrated temporal forecast; genetic/environmental sources reported but predictive fusion not established.
new_92,Update,Data independent acquisition proteomics and machine learning reveals that proteins associated with immunity are potential molecular markers for early diagnosis of autism,10.1016/j.cca.2025.120238,2025,Diagnosis,Research only,Automated measurement/classification,Not observed in assessed sources,Not observed in assessed sources,Prior source-specific extraction retained; no new full-text retrieval,Retained source-specific coding after review of the supplied extraction notes; not a new full-text retrieval. DIA serum proteomics in 99 ASD and 70 control children yields an eight-protein ML model after bidirectional feature screening; ELISA follow-up is reported for LYZ. Leave-one-out validation is internal; ELISA confirmation of selected proteins is not an independent external cohort test. The sample is geographically limited and biomarker selection can be optimistic without nested external replication.
new_183,Update,Adaptive Multi-Scale Dynamic Graph Representation Learning With Overlapping Community-Awareness for ASD Classification,10.1109/jbhi.2025.3622540,2025,Diagnosis,Research only,Automated measurement/classification,Not observed in assessed sources,Not observed in assessed sources,Prior source-specific extraction retained; no new full-text retrieval,"Retained source-specific coding after review of the supplied extraction notes; not a new full-text retrieval. Ada-MST learns adaptive multi-scale dynamic graph representations from ABIDE-I/II rs-fMRI and includes community-aware readout/visualization for ASD classification. ABIDE-I/II are multisite datasets, but no explicit held-out-site robustness design was established in the accessible report. Visualization was treated as partial interpretability, not strict XAI."
new_198,Update,A Multimodal AI Framework for Early Autism Identification Using CbRNN–Ensemble Modelling and Advanced NCIAPPF-Based Temporal Encoding,10.1002/jdn.70117,2026,Screening,Proposed only,Triage/questionnaire assessment,Pre-decision,Not observed in assessed sources,Prior source-specific extraction retained; no new full-text retrieval,"Retained source-specific coding after review of the supplied extraction notes; not a new full-text retrieval. AutiScan fuses facial-expression, eye-gaze, speech-prosody and behavioral cues using CbRNN-EM and NCIAPPF temporal processing for early ASD identification. High-priority reporting inconsistency: the article describes experimental multimodal analyses, while the publisher Data Availability Statement says that no datasets were generated or analyzed. Independent source/sample and validation verification is required.
AutiScan fuses facial-expression, eye-gaze, speech-prosody and behavioral cues using CbRNN-EM and NCIAPPF temporal processing for early ASD identification. High-priority reporting inconsistency: the article describes experimental multimodal analyses, while the publisher Data Availability Statement says that no datasets were generated or analyzed. Independent source/sample and validation verification is required.
Material reporting/source-lineage inconsistency preserved; excluded in conservative sensitivity analysis."
new_239,Update,Real-Time Classification for EEG Data in Children With ASD Using Deep Learning Techniques,10.1002/dneu.23009,2025,Diagnosis,Research only,Automated measurement/classification,Not observed in assessed sources,Not observed in assessed sources,Prior source-specific extraction retained; no new full-text retrieval,"Retained source-specific coding after review of the supplied extraction notes; not a new full-text retrieval. EEG from 60 children (30 ASD/30 TD) is processed with STFT/ICA and classified using CNN-LSTM; the paper reports 87.5% accuracy, while a ResNet baseline reports 89.1%. High-priority internal inconsistency: the abstract states that a 60-child EEG dataset was analyzed, while the publisher Data Availability Statement says no datasets were generated or analyzed. No external cohort or real-time prospective deployment was established.
EEG from 60 children (30 ASD/30 TD) is processed with STFT/ICA and classified using CNN-LSTM; the paper reports 87.5% accuracy, while a ResNet baseline reports 89.1%. High-priority internal inconsistency: the abstract states that a 60-child EEG dataset was analyzed, while the publisher Data Availability Statement says no datasets were generated or analyzed. No external cohort or real-time prospective deployment was established.
Material reporting/source-lineage inconsistency preserved; excluded in conservative sensitivity analysis.
All-neural/optimization pipeline in recovered evidence; hybrid title is not sufficient for mixed conventional-ML/DL classification."
new_400,Update,Mitochondrial Gene Signature Reveals Novel Diagnostic Biomarkers for Autism Spectrum Disorder,10.1007/s12035-026-05911-y,2026,Diagnosis,Research only,Automated measurement/classification,Not observed in assessed sources,Not observed in assessed sources,Prior source-specific extraction retained; no new full-text retrieval,"Retained source-specific coding after review of the supplied extraction notes; not a new full-text retrieval. Mitochondrial-gene signatures are selected from GSE28521 using LASSO/RF/SVM-RFE and evaluated in GSE64018; ANN/linear/nomogram models are reported, with separate mouse qPCR support. External validation is dataset-level but remains retrospective transcriptomic validation; postmortem cortex limits direct clinical deployability, and mouse qPCR is not human clinical validation."
new_411,Update,Blood-based DNA methylation markers for autism spectrum disorder identification using machine learning,10.1080/17501911.2025.2557186,2025,Diagnosis,Research only,Automated measurement/classification,Not observed in assessed sources,Not observed in assessed sources,Prior source-specific extraction retained; no new full-text retrieval,"Retained source-specific coding after review of the supplied extraction notes; not a new full-text retrieval. Whole-blood DNA methylation data (52 ASD, 48 TD) are reduced using SVM-RFECV and classified with RF/XGBoost/DT; RF and XGBoost are reported as best-performing. Small single public dataset with no independent external cohort; feature selection and model evaluation on the same source can inflate biomarker optimism without external replication."
new_412,Update,Federated Transformer-Based Deep Learning Framework for Secure and Early Autism Diagnosis,10.1007/s42979-026-04806-y,2026,Diagnosis,Proposed only,Automated measurement/classification,In-decision,Not observed in assessed sources,Prior source-specific extraction retained; no new full-text retrieval,"Retained source-specific coding after review of the supplied extraction notes; not a new full-text retrieval. A federated Transformer framework is evaluated on ABIDE- and SPARK-derived data with secure aggregation and model compression, reporting very high classification accuracy. Federated/multisite training is not equivalent to a held-out-site robustness test. The accessible evidence does not establish independent external or prospective clinical validation, and near-ceiling accuracy requires leakage/partition checks.
Multiple datasets are described but the recovered evidence does not establish a single primary source or participant-linked multisource fusion."
new_415,Update,Artificial intelligence-based diagnostic model for autism spectrum disorder using blood biomarkers,10.1007/s00521-025-11553-3,2025,Screening,Proposed only,Triage/questionnaire assessment,Pre-decision,Not observed in assessed sources,Prior source-specific extraction retained; no new full-text retrieval,"Retained source-specific coding after review of the supplied extraction notes; not a new full-text retrieval. The ASA framework combines information-gain/Genetic-Algorithm feature selection with an optimized DNN and reports approximately 99% accuracy. High-priority source-lineage ambiguity: the title emphasizes blood biomarkers, whereas the article data-availability section lists a blood-biomarker source alongside UCI/Kaggle ASD screening datasets. Exact primary/fused dataset use should be verified from the methods before final RQ3 coding.
The ASA framework combines information-gain/Genetic-Algorithm feature selection with an optimized DNN and reports approximately 99% accuracy. High-priority source-lineage ambiguity: the title emphasizes blood biomarkers, whereas the article data-availability section lists a blood-biomarker source alongside UCI/Kaggle ASD screening datasets. Exact primary/fused dataset use should be verified from the methods before final RQ3 coding.
Material reporting/source-lineage inconsistency preserved; excluded in conservative sensitivity analysis."
new_416,Update,An explainable deep learning framework for screening level autism severity using behavioural data,10.1007/s42452-026-08352-3,2026,Screening,Proposed only,Triage/questionnaire assessment,Pre-decision,Not observed in assessed sources,Prior source-specific extraction retained; no new full-text retrieval,"Retained source-specific coding after review of the supplied extraction notes; not a new full-text retrieval. BiLSTM-CGBO is trained on harmonized Kaggle/UCI behavioral screening data and uses SHAP for feature-level explanations of screening/severity outputs. The severity target is closely tied to deterministic behavioral scoring and is not an independently clinician-annotated diagnostic endpoint; no independent external clinical cohort is provided.
Harmonized Kaggle/UCI datasets do not establish distinct clinical sites; target tied to deterministic scoring."
new_421,Update,Edge-Based Robot-Assisted Hand Gesture Recognition for Autism Intervention Using Hybrid Keyframe Selection and Contrastive Learning,10.1109/tmrb.2026.3680976,2026,Monitoring/intervention,Evaluated at point of use,Adaptive intervention,Post-decision,Post-decision,Prior source-specific extraction retained; no new full-text retrieval,"Retained source-specific coding after review of the supplied extraction notes; not a new full-text retrieval. CARAT uses MediaPipe landmarks, hybrid keyframe selection, 1D convolution and contrastive learning for real-time gesture recognition/correction; data were collected with healthy and autistic children and ASD recognition accuracy is reported at 96.42%. The study validates gesture-recognition performance, not therapeutic efficacy or durable social-skill improvement. Therefore the system is intervention-oriented but not coded as confirmed clinical intervention effectiveness.
Real-time robot prototype tested with ASD participants; point-of-use technical evaluation, not established treatment efficacy."
new_423,Update,Toward a Smartwatch-Based System for Automated Social Interaction Monitoring in Autism,10.1109/access.2026.3674057,2026,Monitoring/intervention,Evaluated at point of use,Monitoring/longitudinal analysis,Post-decision,Post-decision,Prior source-specific extraction retained; no new full-text retrieval,"Retained source-specific coding after review of the supplied extraction notes; not a new full-text retrieval. A smartwatch/cloud system combines deep-learning speaker diarization with heart-rate data; it was tested with formally diagnosed ASD participants and in naturalistic social-interaction recordings, supporting an actual monitoring workflow. Sample sizes are small and staged, and the work evaluates measurement/diarization rather than downstream clinical outcomes. Generalization across acoustic contexts, ages, devices and sites remains unproven."
