rq2_status,rq2_role,decision_timing_coded,observed_decision_timing,source_level,rationale
Proposed only,Triage/questionnaire assessment,Pre-decision,Not observed in assessed sources,Supplied abstract/coding notes; no new full-text verification,"Public age-specific screening datasets; five-fold CV and SHAP. Physician interpretation is proposed, not evaluated in a clinical workflow. Background mentions do not establish five clinical stages."
Proposed only,Triage/questionnaire assessment,Pre-decision,Not observed in assessed sources,Supplied abstract/coding notes; no new full-text verification,"ADOS score sheets are structured behavioral records, not unspecified data. The reduced behavioral set is proposed for preliminary triage; no prospective use of the resulting model is described."
Research only,Automated measurement/classification,Not observed in assessed sources,Not observed in assessed sources,Supplied abstract/coding notes; no new full-text verification,Plasma proteomics with DIA/MRM and machine-learning biomarker selection. Molecular assay verification alone does not establish external validation of the predictive model.
Research only,Automated measurement/classification,Not observed in assessed sources,Not observed in assessed sources,Primary-source full text (targeted sections),"Metabolomic classification and feature-ranking study. The held-out 21 participants were randomly partitioned from the same 82-participant cohort; this is internal holdout validation, despite the authors' external-sample terminology."
Proposed only,Triage/questionnaire assessment,Pre-decision,Not observed in assessed sources,Supplied abstract/coding notes; no new full-text verification,ADOS score sheets and demographic covariates; sparse models intended to shorten assessment. No clinical use of predictions is evaluated. Comparing ML models is not hybrid ML/DL integration.
Proposed only,Risk/trajectory estimation,Pre-decision,Not observed in assessed sources,Supplied abstract/coding notes; no new full-text verification,Linked maternal-newborn administrative and registry records predict a future ASD diagnosis at 18-60 months. Population prescreening is a proposed use; the implemented endpoint is prognostic.
Proposed only,Mobile assessment,Pre-decision,Not observed in assessed sources,Supplied abstract/coding notes; no new full-text verification,"Ear-worn EEG hardware with on-chip classification is bench-tested using the Old Dominion University ASD dataset. A deployed wearable screening workflow is proposed, not demonstrated by a real-time hardware benchmark."
Research only,Automated measurement/classification,Not observed in assessed sources,Not observed in assessed sources,Supplied abstract/coding notes; no new full-text verification,Acoustic and transcript-based ADOS-code prediction is evaluated offline. Audio and transcript tasks are described separately; classifier score fusion is not itself evidence of independent-source fusion.
Research only,Automated measurement/classification,Not observed in assessed sources,Not observed in assessed sources,Supplied abstract/coding notes; no new full-text verification,"Speech-derived acoustic and linguistic biomarkers are evaluated in Hindi and English; no active clinician-facing workflow is documented in the assessed abstract.
Acoustic and linguistic representations from speech; language variation is not independent input modality."
Proposed only,Diagnostic decision support,In-decision,Not observed in assessed sources,Primary-source full text (targeted sections),Facial-image classification and questionnaire-assisted gelotophobia assessment are proposed for clinical use. Retain the expression-of-concern flag; diagnostic performance is not evidence of deployment.
Evaluated AI-supported intervention,Adaptive intervention,Post-decision,Post-decision,Supplied abstract/coding notes; no new full-text verification,Superpower Glass provides AI-generated facial-expression feedback in a randomized home intervention. Standard ABA therapy and outcome scales are not additional AI input modalities.
Research only,Automated measurement/classification,Not observed in assessed sources,Not observed in assessed sources,Supplied abstract/coding notes; no new full-text verification,Q-CHAT-based tabular screening datasets and automated ML model ranking. Discussion of deep-learning comparators does not make the proposed AutoML framework deep learning.
Research only,Risk/trajectory estimation,Not observed in assessed sources,Not observed in assessed sources,Supplied abstract/coding notes; no new full-text verification,Prospective infant fcMRI cohort predicts research diagnosis at 24 months using internal cross-validation. Prospective data collection is not prospective clinical use of model outputs.
Proposed only,Triage/questionnaire assessment,Pre-decision,Not observed in assessed sources,Supplied abstract/coding notes; no new full-text verification,The source describes facial-image and questionnaire models with late fusion. Participant-level pairing and independence of the two datasets are not established by the abstract; no evaluated clinical workflow is claimed.
Proposed only,Triage/questionnaire assessment,Pre-decision,Not observed in assessed sources,Supplied abstract/coding notes; no new full-text verification,"The abstract describes screening-assessment datasets and neural-network training, with an intended early-screening system. Detailed architecture and deployment are not established."
Research only,Automated measurement/classification,Not observed in assessed sources,Not observed in assessed sources,Supplied abstract/coding notes; no new full-text verification,Naturalistic interaction videos are computationally annotated and classified offline; the source explicitly places routine-care generalization in future work.
Research only,Automated measurement/classification,Not observed in assessed sources,Not observed in assessed sources,Supplied abstract/coding notes; no new full-text verification,"Multiparametric MRI and graph-theoretic features are analyzed with machine learning, not necessarily a graph neural network. Multi-center data and multiple MRI-derived feature types are reported."
Research only,Risk/trajectory estimation,Not observed in assessed sources,Not observed in assessed sources,Supplied abstract/coding notes; no new full-text verification,Three-month EEG predicts ADOS scores at 18 months in a longitudinal research cohort. A future clinical endpoint distinguishes prognosis from cross-sectional diagnosis.
Proposed only,Triage/questionnaire assessment,Pre-decision,Not observed in assessed sources,Supplied abstract/coding notes; no new full-text verification,A previously developed shortened ADOS classifier is tested on an independent 2616-child sample. This is external model evaluation but not an observed clinical triage deployment.
Research only,Automated measurement/classification,Not observed in assessed sources,Not observed in assessed sources,Supplied abstract/coding notes; no new full-text verification,Deep classification uses reaching/placing movement kinematics; age groups and diagnostic labels are not separate data modalities. Clinical deployment is not evaluated.
Proposed only,Diagnostic decision support,In-decision,Not observed in assessed sources,Supplied abstract/coding notes; no new full-text verification,"Task-fMRI CAD with local/global CNN classifiers and a proposed severity map. Speech is the eliciting stimulus, not the model's audio input. Clinical interpretation remains proposed."
Proposed only,Triage/questionnaire assessment,Pre-decision,Not observed in assessed sources,Supplied abstract/coding notes; no new full-text verification,Questionnaire-derived datasets support a rule-learning classifier whose rules are intended for domain-expert interpretation. Retain the specified rule family rather than forcing a decision-tree label.
Proposed only,Diagnostic decision support,In-decision,Not observed in assessed sources,Supplied abstract/coding notes; no new full-text verification,A task-fMRI framework grades contemporaneous ASD severity. Speech stimulation is not voice-data modeling; oversampling and repeated random splits are internal validation only.
Research only,Triage/questionnaire assessment,Not observed in assessed sources,Not observed in assessed sources,Supplied abstract/coding notes; no new full-text verification,Saliency4ASD eye-movement features are evaluated with several ML/DL models. The assessed material does not identify one primary model; comparison alone does not establish a hybrid architecture.
Research only,Triage/questionnaire assessment,Not observed in assessed sources,Not observed in assessed sources,Supplied abstract/coding notes; no new full-text verification,Public age-specific screening datasets are analyzed with classification and clustering. The proposed ANN is emphasized for the pooled dataset; no prospective diagnostic use is shown.
Proposed only,Diagnostic decision support,In-decision,Not observed in assessed sources,Supplied abstract/coding notes; no new full-text verification,"MRI classification uses a vision transformer, residual DenseNet and LSTM in a deep-learning architecture. Combining deep components is not ML/DL hybrid integration."
Research only,Triage/questionnaire assessment,Not observed in assessed sources,Not observed in assessed sources,Supplied abstract/coding notes; no new full-text verification,Three public tabular screening datasets are evaluated. CNN is the reported best-performing model; evaluating conventional ML baselines does not make this a hybrid model.
Research only,Triage/questionnaire assessment,Not observed in assessed sources,Not observed in assessed sources,Supplied abstract/coding notes; no new full-text verification,A UCI child screening dataset is classified using a DNN. The word diagnosis does not demonstrate specialist diagnostic workflow use.
Research only,Automated measurement/classification,Not observed in assessed sources,Not observed in assessed sources,Supplied abstract/coding notes; no new full-text verification,ASD-GraphNet describes engineered brain-graph features and conventional classifiers. Graph analysis is not assumed to be a graph neural network; no clinician-facing implementation is evaluated.
Research only,Automated measurement/classification,Not observed in assessed sources,Not observed in assessed sources,Supplied abstract/coding notes; no new full-text verification,"Force-plate postural-control features are classified in 50 children; naive Bayes is the reported optimal classifier. This is experimental motor-phenotype classification, not deep learning."
Research only,Automated measurement/classification,Not observed in assessed sources,Not observed in assessed sources,Supplied abstract/coding notes; no new full-text verification,"ABIDE resting-state connectivity classification is externally tested in an in-house dataset with substantially lower accuracy. This supports external/cross-dataset evaluation, not stable transportability or clinical deployment."
Research only,Automated measurement/classification,Not observed in assessed sources,Not observed in assessed sources,Supplied abstract/coding notes; no new full-text verification,Only six demographic/IQ characteristics from ABIDE are modeled. The fact that the parent resource is a neuroimaging database does not make these MRI inputs.
Research only,Triage/questionnaire assessment,Not observed in assessed sources,Not observed in assessed sources,Supplied abstract/coding notes; no new full-text verification,Different models perform best across age-specific and pooled screening endpoints. A single universally best classifier is not identifiable from the reported comparisons.
Research only,Triage/questionnaire assessment,Not observed in assessed sources,Not observed in assessed sources,Supplied abstract/coding notes; no new full-text verification,"Cross-sectional ASD classification, not temporal prognosis. Abstract identifies GRU but not the biomedical input source; distinct benchmark datasets do not establish fusion."
Proposed only,Risk/trajectory estimation,Pre-decision,Not observed in assessed sources,Supplied abstract/coding notes; no new full-text verification,"Retrospective pregnancy and birth measurements predict later ASD. Numeric ultrasound measurements are structured records, not raw imaging inputs. SHAP is explicitly documented in source coding notes."
Research only,Automated measurement/classification,Not observed in assessed sources,Not observed in assessed sources,Supplied abstract/coding notes; no new full-text verification,"Blood RNA sequencing classifier; abstract calls for further independent validation, not a deployed diagnostic workflow."
Research only,Risk/trajectory estimation,Not observed in assessed sources,Not observed in assessed sources,Supplied abstract/coding notes; no new full-text verification,"Maternal mid-gestation and cord-blood metabolomic profiles predict subsequent ASD. Source describes separate analyses, not demonstrated combined-input prediction."
Research only,Research characterization,Not observed in assessed sources,Not observed in assessed sources,Supplied abstract/coding notes; no new full-text verification,Retrospective predictors of age at diagnosis; relevant care-pathway characterization but no uniquely supported prospective clinical stage.
Research only,Risk/trajectory estimation,Not observed in assessed sources,Not observed in assessed sources,Supplied abstract/coding notes; no new full-text verification,Prognostic analysis of 12-month intervention outcomes. Prospective patient follow-up is not evidence that AI selected or adapted the treatment.
Research only,Automated measurement/classification,Not observed in assessed sources,Not observed in assessed sources,Supplied abstract/coding notes; no new full-text verification,fMRI analysis of dopaminergic regions. Multiple brain regions and computational representations do not establish separate data modalities or deep learning.
Research only,Risk/trajectory estimation,Not observed in assessed sources,Not observed in assessed sources,Supplied abstract/coding notes; no new full-text verification,"ASD co-occurrence is the model endpoint in adolescents with cerebral palsy; multicentre clinical variables, not a prospective risk forecast."
Proposed only,Diagnostic decision support,In-decision,Not observed in assessed sources,Supplied abstract/coding notes; no new full-text verification,"Actual ML-DL pipeline is stated; PSD features and autoencoder representations originate from the same resting-state fMRI. Personalized reports were proposed, not evaluated in clinician decisions."
Proposed only,Adaptive intervention,Post-decision,Not observed in assessed sources,Supplied abstract/coding notes; no new full-text verification,Ongoing NLP project uses conversations or writing to inform intervention indicators. Proposed architecture is not sufficient to assert an implemented deep-learning family or a clinical intervention deployment.
Research only,Automated measurement/classification,Not observed in assessed sources,Not observed in assessed sources,Supplied abstract/coding notes; no new full-text verification,"Scanpaths, distances and fixation durations derive from eye tracking; multiple representations do not by themselves establish multisource integration. All named components are neural, not an ML-DL hybrid."
Research only,Automated measurement/classification,Not observed in assessed sources,Not observed in assessed sources,Supplied abstract/coding notes; no new full-text verification,Functional brain-connectivity graphs are derived from resting-state fMRI; graph neural network is retained as its own family rather than Other or conventional CNN.
Proposed only,Diagnostic decision support,In-decision,Not observed in assessed sources,Supplied abstract/coding notes; no new full-text verification,Explicit deep graph architecture fuses structural and functional brain data; within-neuroimaging multimodal integration is retained.
Proposed only,Diagnostic decision support,In-decision,Not observed in assessed sources,Supplied abstract/coding notes; no new full-text verification,EEG wavelet and entropy preprocessing followed by CNN; comparison with conventional classifiers is not an integrated ML-DL hybrid or demonstrated clinician use.
Proposed only,Risk/trajectory estimation,Pre-decision,Not observed in assessed sources,Supplied abstract/coding notes; no new full-text verification,Linked maternal and infant administrative records predict later ASD; not a contemporaneous diagnostic or deployed clinical tool.
Research only,Automated measurement/classification,Not observed in assessed sources,Not observed in assessed sources,Supplied abstract/coding notes; no new full-text verification,ABIDE resting-state fMRI classification. Identification of informative functional connections provides partial interpretability; multisite data alone are not cross-site testing.
Research only,Diagnostic decision support,Not observed in assessed sources,Not observed in assessed sources,Supplied abstract/coding notes; no new full-text verification,"Linguistic neutrosophic sets are the ranking representation, not patient natural-language inputs. Empirical data comprise medical and sociodemographic variables."
Research only,Risk/trajectory estimation,Not observed in assessed sources,Not observed in assessed sources,Supplied abstract/coding notes; no new full-text verification,Six-month infant EEG event-related potentials predict subsequent diagnostic outcome; visual stimuli are not image inputs to the model.
Research only,Automated measurement/classification,Not observed in assessed sources,Not observed in assessed sources,Supplied abstract/coding notes; no new full-text verification,"Diagnostic comparison and explicit fusion of anatomical MRI, DWI and functional MRI; not monitoring or intervention."
Proposed only,Diagnostic decision support,In-decision,Not observed in assessed sources,Supplied abstract/coding notes; no new full-text verification,Visual-attention classification and explicit feature-dissection by segmentation and image ablation. No longitudinal intervention was evaluated.
Proposed only,Diagnostic decision support,In-decision,Not observed in assessed sources,Supplied abstract/coding notes; no new full-text verification,"Current symptom-severity identification from fMRI, not prediction of future course. The named method is retained rather than forcing it into an unsupported MLP family."
Research only,Automated measurement/classification,Not observed in assessed sources,Not observed in assessed sources,Supplied abstract/coding notes; no new full-text verification,"True neural feature extractor plus conventional boosted-tree classifier; public eye-gaze image benchmark, not clinical screening deployment."
Research only,Triage/questionnaire assessment,Not observed in assessed sources,Not observed in assessed sources,Supplied abstract/coding notes; no new full-text verification,Three age-specific questionnaire screening datasets; repeated model evaluation on different cohorts does not establish external validation or fused data.
Research only,Automated measurement/classification,Not observed in assessed sources,Not observed in assessed sources,Supplied abstract/coding notes; no new full-text verification,"Tablet movement classification with ancillary fMRI correlations; principal prediction uses kinematics, not a demonstrated multimodal fused network."
Proposed only,Monitoring/longitudinal analysis,Post-decision,Not observed in assessed sources,Supplied abstract/coding notes; no new full-text verification,"Wearable IMU movement novelty detection is behavioral kinematics rather than electrophysiology. Evaluation is on benchmark datasets, not prospective patient-facing monitoring."
Research only,Research characterization,Not observed in assessed sources,Not observed in assessed sources,Supplied abstract/coding notes; no new full-text verification,Cross-sectional prediction of perceived social support in ASD/ADHD; relevant care characterization but not ASD diagnostic classification or future prognosis.
Research only,Automated measurement/classification,Not observed in assessed sources,Not observed in assessed sources,Supplied abstract/coding notes; no new full-text verification,Subject-independent internal cross-validation on resting EEG. Graph convolutional architecture is explicitly identified; no external cohort is described.
Research only,Automated measurement/classification,Not observed in assessed sources,Not observed in assessed sources,Supplied abstract/coding notes; no new full-text verification,Concurrent ASD classification from fMRI or clinical scores. Separate predictors and correlations do not establish temporal prognosis or deep learning.
Research only,Automated measurement/classification,Not observed in assessed sources,Not observed in assessed sources,Supplied abstract/coding notes; no new full-text verification,Symptom-defined transdiagnostic subtyping with ancillary cognitive and structural-connectivity validation. Clustering is not automatically deep learning; validation of cluster correlates is not external predictive validation.
Research only,Automated measurement/classification,Not observed in assessed sources,Not observed in assessed sources,Supplied abstract/coding notes; no new full-text verification,Multisite fMRI benchmark is explicitly described. Inter-site biomarker claims alone do not establish a held-out-site experiment.
Research only,Automated measurement/classification,Not observed in assessed sources,Not observed in assessed sources,Supplied abstract/coding notes; no new full-text verification,Graph framework combines fMRI connectivity and phenotype information; semantic attention is not itself proof of a validated explanation method.
Proposed only,Monitoring/longitudinal analysis,Post-decision,Not observed in assessed sources,Publisher abstract and bibliographic metadata,"Proposed sensor and facial-expression monitoring with caregiver alerts. Accessible description does not document a participant-facing empirical evaluation.
Accessible abstract proposes a system but does not establish original empirical AI evaluation; retain inherited inclusion with uncertainty and exclude in stricter-evidence sensitivity."
Research only,Automated measurement/classification,Not observed in assessed sources,Not observed in assessed sources,Supplied abstract/coding notes; no new full-text verification,"Functional-connectivity matrices from fMRI are represented as heatmaps; they remain neuroimaging, not EEG or photographs. ABIDE I and II use does not specify independent train-test separation."
Research only,Automated measurement/classification,Not observed in assessed sources,Not observed in assessed sources,Supplied abstract/coding notes; no new full-text verification,Time-frequency image representations originate from EEG and remain physiological data; alternative transforms do not establish additional sources.
Research only,Automated measurement/classification,Not observed in assessed sources,Not observed in assessed sources,Supplied abstract/coding notes; no new full-text verification,Motion tracking and eye tracking are explicitly combined and an independent sample is tested; multisource integration can occur within the behavioral domain.
Research only,Risk/trajectory estimation,Not observed in assessed sources,Not observed in assessed sources,Supplied abstract/coding notes; no new full-text verification,"Newborn leukocyte methylation predicts subsequent ASD; biological input, not electrophysiological signal. Main neural architecture is not supplied in abstract."
Research only,Automated measurement/classification,Not observed in assessed sources,Not observed in assessed sources,Supplied abstract/coding notes; no new full-text verification,"MEG band-power classification; spatial patterns are described as putative biomarkers, with no clinician-facing deployment."
Proposed only,Triage/questionnaire assessment,Pre-decision,Not observed in assessed sources,Supplied abstract/coding notes; no new full-text verification,"Named inputs are structured developmental screening instruments. Federated simulation does not demonstrate deployment, independent clinical sites, or held-out-site generalization; actual cross-instrument patient pairing remains unverified.
Federated simulation claims across named instruments; participant linkage and provenance are not established in accessible evidence."
Proposed only,Diagnostic decision support,In-decision,Not observed in assessed sources,Supplied abstract/coding notes; no new full-text verification,Spoken language is transcribed and modeled as text; comparison with an interpretable logistic baseline does not establish an RNN architecture.
Research only,Automated measurement/classification,Not observed in assessed sources,Not observed in assessed sources,Supplied abstract/coding notes; no new full-text verification,Additional independently acquired subjects form a test cohort. FLAIR and ADC are explicitly combined; attention as architecture is not sufficient for strict explainability.
Research only,Automated measurement/classification,Not observed in assessed sources,Not observed in assessed sources,Supplied abstract/coding notes; no new full-text verification,"Integrated sensory behavior, neuroimaging and saliva methylation; XGBoost is conventional machine learning, not deep learning."
Research only,Research characterization,Not observed in assessed sources,Not observed in assessed sources,Supplied abstract/coding notes; no new full-text verification,"EEG emotion decoding across ASD and non-ASD samples is mechanistic characterization, not an evaluated intervention. Replication across samples does not alone establish transfer of a frozen classifier.
Independent sample replication reported; a trained-model transfer test is not established in accessible abstract."
Evaluated AI-supported intervention,Assistive support,Post-decision,Post-decision,Supplied abstract/coding notes; no new full-text verification,"Controlled feasibility experiment supplied emotion labels via wearable glasses to participants. The separate ASD classifier is an ancillary analysis, not proof of clinical ASD diagnosis using glasses.
Wearable feedback was evaluated in a laboratory; not routine care and not an external validation of ASD diagnosis."
Research only,Automated measurement/classification,Not observed in assessed sources,Not observed in assessed sources,Supplied abstract/coding notes; no new full-text verification,Tablet handwriting features classify ADHD with co-occurring ASD versus healthy controls. Included as ASD-related differential assessment; specificity for ASD alone cannot be inferred.
Research only,Automated measurement/classification,Not observed in assessed sources,Not observed in assessed sources,Supplied abstract/coding notes; no new full-text verification,"ABIDE fMRI; combining graph and recurrent neural networks remains deep learning, not a conventional-ML/DL hybrid."
Research only,Automated measurement/classification,Not observed in assessed sources,Not observed in assessed sources,Supplied abstract/coding notes; no new full-text verification,"Projection-matrix and connectivity learning, with no deep architecture specified in accessible source. A mathematical brain network is not automatically a neural network."
Proposed only,Diagnostic decision support,In-decision,Not observed in assessed sources,Supplied abstract/coding notes; no new full-text verification,"Authorized device algorithm update is not itself evidence of prospective physician use of the new version. Source describes diagnostic threshold optimization, not general screening or an explicit deep architecture."
Research only,Assistive support,Not observed in assessed sources,Not observed in assessed sources,Supplied abstract/coding notes; no new full-text verification,Comparison of generated versus physician answers to archived patient questions; no real-time clinical advice delivery or intervention is evaluated.
Research only,Automated measurement/classification,Not observed in assessed sources,Not observed in assessed sources,Supplied abstract/coding notes; no new full-text verification,"Predicts contemporaneous SRS-2/RBS-R scores from emotion-task performance and eye tracking; diagnostic characterization, not a longitudinal prognostic endpoint."
Research only,Automated measurement/classification,Not observed in assessed sources,Not observed in assessed sources,Supplied abstract/coding notes; no new full-text verification,MEG remains the input despite speech pretraining; best reported classifier is neural. An alternative SVM branch is documented but not substituted for the principal pipeline.
Research only,Automated measurement/classification,Not observed in assessed sources,Not observed in assessed sources,Supplied abstract/coding notes; no new full-text verification,Functional-gradient and dynamic-connectivity MRI features classify ASD versus TD; no deep classifier is specified in the accessible abstract.
Research only,Automated measurement/classification,Not observed in assessed sources,Not observed in assessed sources,Supplied abstract/coding notes; no new full-text verification,"Wearable gaze collection is tested, but diagnostic model performance is investigated offline; a wearable form factor alone does not establish clinical integration."
Research only,Research characterization,Not observed in assessed sources,Not observed in assessed sources,Supplied abstract/coding notes; no new full-text verification,"Lifetime diagnostic-code patterns in decedents are retrospective care characterization, not prospective monitoring or multisource sensor integration."
Research only,Automated measurement/classification,Not observed in assessed sources,Not observed in assessed sources,Supplied abstract/coding notes; no new full-text verification,Explicit benchmark compares heterogeneous models under equal testing conditions. Do not call comparison itself a hybrid pipeline; retain ensemble/multiple-model status and explicit SmoothGrad explanations.
Research only,Monitoring/longitudinal analysis,Not observed in assessed sources,Not observed in assessed sources,Supplied abstract/coding notes; no new full-text verification,"Stereotyped-movement recognition from wearable kinematics, including cross-subject transfer. Cross-subject testing is not cross-site robustness."
Research only,Automated measurement/classification,Not observed in assessed sources,Not observed in assessed sources,Supplied abstract/coding notes; no new full-text verification,Human whole-genome family data explicitly support an ASD predictive classifier in addition to gene-enrichment analysis; retained as an original computational diagnostic study.
Research only,Automated measurement/classification,Not observed in assessed sources,Not observed in assessed sources,Supplied abstract/coding notes; no new full-text verification,Eye tracking across two tasks/studies; separate evaluation groups are not sufficient to assert a trained-model external transfer test. Different stimuli remain a single sensor modality.
Research only,Automated measurement/classification,Not observed in assessed sources,Not observed in assessed sources,Supplied abstract/coding notes; no new full-text verification,"fMRI effective/functional connectivity, DTI and assessment scores were submitted jointly. Imaging stimuli are not behavioral-image inputs; explanatory paths are explicit."
Research only,Automated measurement/classification,Not observed in assessed sources,Not observed in assessed sources,Supplied abstract/coding notes; no new full-text verification,fMRI social-concept representations discriminate ASD. Principal classifier family is not named in accessible abstract.
Research only,Automated measurement/classification,Not observed in assessed sources,Not observed in assessed sources,Supplied abstract/coding notes; no new full-text verification,"Language-task and nonverbal test scores define cognitive/linguistic clinical profiles, not NLP text classification or deep learning."
Research only,Risk/trajectory estimation,Not observed in assessed sources,Not observed in assessed sources,Supplied abstract/coding notes; no new full-text verification,Parent-history tabular data and data-mining feature selection; SVM is the principal predictive classifier. Combining clustering and SVM is not a deep-learning hybrid.
Research only,Automated measurement/classification,Not observed in assessed sources,Not observed in assessed sources,Supplied abstract/coding notes; no new full-text verification,Human family genotypes and structural-variant subgroups linked to ASD phenotypes. Not natural-language data; explicit explainable AI analysis is retained without inventing a family.
Research only,Triage/questionnaire assessment,Not observed in assessed sources,Not observed in assessed sources,Supplied abstract/coding notes; no new full-text verification,Kernel-attention architecture and optimization are stated; a metaheuristic plus neural classifier is not automatically a conventional ML-DL hybrid. Input source remains unresolved.
Proposed only,Triage/questionnaire assessment,Pre-decision,Not observed in assessed sources,Supplied abstract/coding notes; no new full-text verification,SRS item reduction for caregiver-directed preclinical screening/triage is explicitly proposed; no clinical deployment. Differential ASD/ADHD classification uses structured instrument scores.
Proposed only,Triage/questionnaire assessment,Pre-decision,Not observed in assessed sources,Supplied abstract/coding notes; no new full-text verification,"Archival M-CHAT-R item scoring; depth is not established, so do not label as deep learning. Future automatic scoring is proposed, not deployed in the evaluated workflow."
Evaluated at point of use,Mobile assessment,Pre-decision,Pre-decision,Supplied abstract/coding notes; no new full-text verification,"Tablet behavioral app administered prospectively during pediatric well-child visits. Real point-of-use evaluation is explicit, but prospective recruitment is distinct from external frozen-model testing."
Research only,Automated measurement/classification,Not observed in assessed sources,Not observed in assessed sources,Supplied abstract/coding notes; no new full-text verification,"ADI-R/ADOS behavioral phenotyping in a single ASD cohort; diagnostic subtyping, not ongoing intervention or multiple acquisition sites."
Research only,Automated measurement/classification,Not observed in assessed sources,Not observed in assessed sources,Supplied abstract/coding notes; no new full-text verification,Explicitly text-only speech transcripts; excludes raw video/audio. Two transcript datasets are not fused data modalities.
Research only,Automated measurement/classification,Not observed in assessed sources,Not observed in assessed sources,Supplied abstract/coding notes; no new full-text verification,"Quantum kernel SVM is machine learning, not a deep-learning hybrid. EEG channels and CSP features remain one source."
Research only,Automated measurement/classification,Not observed in assessed sources,Not observed in assessed sources,Supplied abstract/coding notes; no new full-text verification,Primary transfer-learning experiment uses facial images; parallel numeric questionnaire experiments are retained as secondary sources but not fused multimodal inputs.
Proposed only,Diagnostic decision support,In-decision,Not observed in assessed sources,Supplied abstract/coding notes; no new full-text verification,Resting-state fMRI classifier proposed for diagnosis; no observed clinician decision pathway in supplied material.
Evaluated AI-supported intervention,Assistive support,Post-decision,Post-decision,Supplied abstract/coding notes; no new full-text verification,Actual uncontrolled participant-facing smartglasses intervention; not screening. Architecture is not inferred from the product being AI-enabled.
Research only,Triage/questionnaire assessment,Not observed in assessed sources,Not observed in assessed sources,Supplied abstract/coding notes; no new full-text verification,"Questionnaire-derived labels and imbalance adjustments in a trait-screening dataset. Screening-rule labels are not independent clinical diagnoses.
Outcome labels were partly derived from screening-score rules; model agreement cannot be interpreted as externally validated clinical diagnostic accuracy."
Research only,Research characterization,Not observed in assessed sources,Not observed in assessed sources,Supplied abstract/coding notes; no new full-text verification,Sex/age developmental phenotyping using standardized assessments and eye tracking. Longitudinal data collection alone is not an evaluated prognostic or monitoring AI system.
Research only,Risk/trajectory estimation,Not observed in assessed sources,Not observed in assessed sources,Supplied abstract/coding notes; no new full-text verification,Clinical experts label risk from parental online concerns; multiple annotated categories from the same text do not establish multiple data sources.
Proposed only,Triage/questionnaire assessment,Pre-decision,Not observed in assessed sources,Supplied abstract/coding notes; no new full-text verification,Structured ADI-R and SRS codes with explicitly evaluated multi-instrument fusion; not natural-language text input or external validation.
Proposed only,Diagnostic decision support,In-decision,Not observed in assessed sources,Supplied abstract/coding notes; no new full-text verification,ADOS and ADI-R items jointly support differential ASD/ADHD diagnostic classification; scale scores are structured records.
Research only,Triage/questionnaire assessment,Not observed in assessed sources,Not observed in assessed sources,Supplied abstract/coding notes; no new full-text verification,"QCHAT/QCHAT-10 questionnaire data, not voice. Separate full and short instruments do not establish simultaneous fusion."
Research only,Automated measurement/classification,Not observed in assessed sources,Not observed in assessed sources,Supplied abstract/coding notes; no new full-text verification,"Resting-state fMRI connectivity in ABIDE; internal cross-validation, not external or site-held-out validation."
Proposed only,Diagnostic decision support,In-decision,Not observed in assessed sources,Supplied abstract/coding notes; no new full-text verification,"Non-clinicians provide structured ratings of home videos; classifier consumes ratings, not raw video pixels. Explicit interpretable companion models support explanation coding."
Research only,Automated measurement/classification,Not observed in assessed sources,Not observed in assessed sources,Supplied abstract/coding notes; no new full-text verification,Explicit joint deep architecture using fMRI; nested ten-fold internal cross-validation. Two neural components are not an ML-DL hybrid.
Research only,Automated measurement/classification,Not observed in assessed sources,Not observed in assessed sources,Supplied abstract/coding notes; no new full-text verification,"End-to-end fMRI brain-network learning and classification; deep unrolling is an explicit architecture, not a generic unspecified method."
Proposed only,Automated measurement/classification,Pre-decision,Not observed in assessed sources,Supplied abstract/coding notes; no new full-text verification,"Acoustic cry classification of already characterized children; screening intent is explicit, but it is not prospective newborn prescreening or multisource integration."
Proposed only,Automated measurement/classification,Post-decision,Not observed in assessed sources,Supplied abstract/coding notes; no new full-text verification,Explicit audio-visual fusion for automated family-interaction coding; clinically annotated recordings are not proof of deployment in live care.
Research only,Automated measurement/classification,Not observed in assessed sources,Not observed in assessed sources,Supplied abstract/coding notes; no new full-text verification,"Human molecular biomarker-discovery algorithms, not deep learning. Clinical interpretation is limited to candidate-feature discovery, not patient-level diagnostic accuracy."
Research only,Automated measurement/classification,Not observed in assessed sources,Not observed in assessed sources,Supplied abstract/coding notes; no new full-text verification,Classifier is trained offline on recorded real-life diagnostic interviews. Clinical provenance of recordings does not mean model outputs supported the clinical decisions.
Evaluated at point of use,Mobile assessment,Pre-decision,Pre-decision,Supplied abstract/coding notes; no new full-text verification,"Mobile risk assessment was administered at the first developmental-behavioral clinic visit and compared with the encounter diagnosis. This establishes point-of-use evaluation, not proof of improved clinical decisions."
Research only,Triage/questionnaire assessment,Not observed in assessed sources,Not observed in assessed sources,Supplied abstract/coding notes; no new full-text verification,"Explicit best-performing J48 in classifier comparison; not SVM or a hybrid architecture. Missing-value imputation is preprocessing, not another modality."
Research only,Automated measurement/classification,Not observed in assessed sources,Not observed in assessed sources,Supplied abstract/coding notes; no new full-text verification,Explicit multimodal fusion and region-of-interest extraction in ABIDE. Site aggregation does not establish cross-site held-out testing.
Research only,Automated measurement/classification,Not observed in assessed sources,Not observed in assessed sources,Supplied abstract/coding notes; no new full-text verification,ERG at two flash strengths and two transforms remains a single physiological modality; no deep architecture is identified.
Research only,Automated measurement/classification,Not observed in assessed sources,Not observed in assessed sources,Supplied abstract/coding notes; no new full-text verification,"Retained because the computational method is explicitly evaluated on human ASD datasets, despite its animal-derived prior. Genetically selected brain regions do not constitute human genetic inputs.
Animal-derived feature prior; human ASD evaluation is present. Keep separate from purely non-human studies."
Research only,Automated measurement/classification,Not observed in assessed sources,Not observed in assessed sources,Supplied abstract/coding notes; no new full-text verification,Repeated developmental/adaptive scores explain diagnostic instability; no physiological input or deep architecture is supported. Longitudinal characterization is not a prospectively used prediction tool.
Proposed only,Diagnostic decision support,In-decision,Not observed in assessed sources,Supplied abstract/coding notes; no new full-text verification,External 60-child test and comparison with pediatricians are explicit. Separate human-versus-model benchmarking does not establish clinicians using AI in decisions.
Research only,Triage/questionnaire assessment,Not observed in assessed sources,Not observed in assessed sources,Supplied abstract/coding notes; no new full-text verification,Repository screening dataset with random 80/20 split; tied reported winners retained. Internal holdout is not external validation.
Research only,Automated measurement/classification,Not observed in assessed sources,Not observed in assessed sources,Supplied abstract/coding notes; no new full-text verification,"Explicit facial-image and ADOS-score concatenation. Pairing and label provenance remain relevant validity limitations, not assumptions to fill from performance claims."
Research only,Automated measurement/classification,Not observed in assessed sources,Not observed in assessed sources,Supplied abstract/coding notes; no new full-text verification,Comparative study names algorithms but not a unique best model or specific data source in the abstract. Preserve multiple-model category rather than inventing a principal family.
Proposed only,Diagnostic decision support,Pre-decision,Not observed in assessed sources,Supplied abstract/coding notes; no new full-text verification,"Actual described application is facial-image analysis with edge computing. Discussion of EEG, speech and imaging literature is not multisource input to the evaluated system."
Proposed only,Diagnostic decision support,In-decision,Not observed in assessed sources,Supplied abstract/coding notes; no new full-text verification,"Structural MRI classification with explicitly evaluated visual attribution methods; explanation supports proposed interpretation, not demonstrated clinical use."
Research only,Automated measurement/classification,Not observed in assessed sources,Not observed in assessed sources,Supplied abstract/coding notes; no new full-text verification,"fMRI versus behavioral classifiers are evaluated separately. Independent replication cohort is described, but trained-model transport must not be assumed from replication alone."
Research only,Automated measurement/classification,Not observed in assessed sources,Not observed in assessed sources,Supplied abstract/coding notes; no new full-text verification,ABIDE fMRI functional-connectivity graph classifier; no unspecified modality or generic Other family is needed.
Research only,Automated measurement/classification,Not observed in assessed sources,Not observed in assessed sources,Supplied abstract/coding notes; no new full-text verification,Explicit neural and fuzzy-system integration; EEG benchmarks remain a single data modality.
Research only,Research characterization,Not observed in assessed sources,Not observed in assessed sources,Supplied abstract/coding notes; no new full-text verification,"Cognitive-impairment imputation within ASD from parent-reported surveys, with independent evaluation sample. Not ASD detection, deep learning or NLP."
Research only,Automated measurement/classification,Not observed in assessed sources,Not observed in assessed sources,Supplied abstract/coding notes; no new full-text verification,Functional connectomes and personal characteristics are fused. Leave-one-site-out testing is explicit and supports cross-site robustness and site-held-out external validation.
Proposed only,Diagnostic decision support,In-decision,Not observed in assessed sources,Supplied abstract/coding notes; no new full-text verification,"Reported EEG, eye-tracking and computational data fusion. Distinct sample cardinalities and ordering require caution: paired-patient multimodal validity is not established by classification accuracy.
Fusion across different sample cardinalities is reported; matched participant-level acquisition is not established in the available abstract."
Proposed only,Diagnostic decision support,Pre-decision,Not observed in assessed sources,Supplied abstract/coding notes; no new full-text verification,"Facial-expression CNN, including public expression datasets and a small additional child sample. No conventional-ML/DL hybrid is identified; diagnostic label validity is insufficiently described.
Original evaluation is reported, but autism-specific labels and diagnostic endpoint versus facial-emotion recognition are not sufficiently clear in accessible description."
Research only,Automated measurement/classification,Not observed in assessed sources,Not observed in assessed sources,Supplied abstract/coding notes; no new full-text verification,"Endpoint is ASD versus TD diagnosis, not within-ASD subgrouping. Spatial, temporal and velocity representations originate from the same gaze stream."
Research only,Automated measurement/classification,Not observed in assessed sources,Not observed in assessed sources,Supplied abstract/coding notes; no new full-text verification,Detects hand flapping from home videos as a candidate screening component; activity recognition is not validated ASD diagnosis or live caregiver support.
Proposed only,Diagnostic decision support,In-decision,Not observed in assessed sources,Supplied abstract/coding notes; no new full-text verification,Structural MRI HOG features; algorithmic classification and clinical potential do not establish actual workflow use or deep learning.
Research only,Automated measurement/classification,Not observed in assessed sources,Not observed in assessed sources,Supplied abstract/coding notes; no new full-text verification,"Touch-screen and inertial movement measurements are behavioral motor data, not physiological brain signals. Feasibility classification, not observed clinical screening decisions."
Research only,Automated measurement/classification,Not observed in assessed sources,Not observed in assessed sources,Supplied abstract/coding notes; no new full-text verification,"Social-media language classifier uses self-identified autism status; this is a screening-oriented research proxy, not precision clinical diagnosis.
Self-identification or hashtag-derived status is a proxy label, not independent standardized clinical diagnosis."
Proposed only,Diagnostic decision support,In-decision,Not observed in assessed sources,Supplied abstract/coding notes; no new full-text verification,ADOS item scores with an illustrative web app; named deployment platform is not proof of clinical use. Item importance is explicitly examined.
Research only,Automated measurement/classification,Not observed in assessed sources,Not observed in assessed sources,Supplied abstract/coding notes; no new full-text verification,sMRI morphological features and Pearson connectivity feed a boosted-tree classifier; no neural component justifies Hybrid.
Research only,Monitoring/longitudinal analysis,Not observed in assessed sources,Not observed in assessed sources,Supplied abstract/coding notes; no new full-text verification,"Post hoc before/after treatment biomarker analysis; AI was not shown to prescribe cannabis, adapt treatment, or improve clinical outcomes."
Research only,Automated measurement/classification,Not observed in assessed sources,Not observed in assessed sources,Supplied abstract/coding notes; no new full-text verification,fMRI connectivity and gradient features are derived from the same imaging source; multiple representations do not constitute multisource integration.
Research only,Automated measurement/classification,Not observed in assessed sources,Not observed in assessed sources,Supplied abstract/coding notes; no new full-text verification,Human SNP classification with explicit LIME explanations and internal ten-fold validation. Use of Keras alone does not establish deep architecture.
Research only,Triage/questionnaire assessment,Not observed in assessed sources,Not observed in assessed sources,Supplied abstract/coding notes; no new full-text verification,Age-specific questionnaire screening datasets; random holdout repeated 100 times is internal validation. RF is the reported best performer.
Research only,Automated measurement/classification,Not observed in assessed sources,Not observed in assessed sources,Supplied abstract/coding notes; no new full-text verification,"Motor, gaze and task responses in VR are behavioral measurements. Separate modality-specific models are compared; scenes within a modality are combined, not necessarily cross-modality fusion."
Evaluated at point of use,Mobile assessment,Pre-decision,Pre-decision,Supplied abstract/coding notes; no new full-text verification,Prospective pediatric well-child app measurement is explicit. Gaze quantification and group comparison are not necessarily external validation of a trained ASD classifier.
Proposed only,Automated measurement/classification,In-decision,Not observed in assessed sources,Supplied abstract/coding notes; no new full-text verification,"Objective motor imitation measurement with interpretable similarity scores, compared with human coding; not neural image classification or a tested intervention."
Proposed only,Adaptive intervention,Post-decision,Not observed in assessed sources,Supplied abstract/coding notes; no new full-text verification,"Reported video/sensor behavior prediction and designed adaptive intervention. Prediction accuracy alone does not demonstrate that AI-guided treatment was delivered or effective.
Real-time adaptive system is designed; patient-level delivery, allocation, outcomes and decision impact are not established by the supplied prediction metrics."
Research only,Automated measurement/classification,Not observed in assessed sources,Not observed in assessed sources,Supplied abstract/coding notes; no new full-text verification,Best reported full-feature classifier is a 1D CNN on sparse fMRI connectivity. The word prognostic does not establish a future outcome in this cross-sectional classification experiment.
Research only,Automated measurement/classification,Not observed in assessed sources,Not observed in assessed sources,Supplied abstract/coding notes; no new full-text verification,"Site-specific and pooled cross-validation are described; these differ from training on some sites and testing on unseen sites. Age classification is secondary, not future prognosis."
Research only,Automated measurement/classification,Not observed in assessed sources,Not observed in assessed sources,Supplied abstract/coding notes; no new full-text verification,Vocal acoustic eGeMAPS inputs are explicitly described; no unresolved imaging source is needed.
Research only,Automated measurement/classification,Not observed in assessed sources,Not observed in assessed sources,Supplied abstract/coding notes; no new full-text verification,Eye-tracking classifier with independent prospective 80-child validation and SHAP. Comparison of conventional/neural candidates is not a hybrid final RF model or proof of clinical decision use.
Research only,Automated measurement/classification,Not observed in assessed sources,Not observed in assessed sources,Supplied abstract/coding notes; no new full-text verification,Integrated cortical morphology and phenotypic features form diagnostic-agnostic subgroups; clustering is not deep learning.
Research only,Monitoring/longitudinal analysis,Not observed in assessed sources,Not observed in assessed sources,Supplied abstract/coding notes; no new full-text verification,Signals collected in clinical tasks were analyzed to relate state changes to stimuli. Clinical recording context does not establish AI feedback or decision integration.
Research only,Automated measurement/classification,Not observed in assessed sources,Not observed in assessed sources,Supplied abstract/coding notes; no new full-text verification,"Models trained on instrument scores are tested on human ratings of independent home videos. Ratings are structured inputs, not pixel-level CNN analysis."
Research only,Risk/trajectory estimation,Not observed in assessed sources,Not observed in assessed sources,Supplied abstract/coding notes; no new full-text verification,Medical/sociodemographic tabular features predict severity using MCDM model selection; fuzzy linguistic ranking is not NLP. Multiple fields do not establish independent data-source fusion.
Research only,Monitoring/longitudinal analysis,Not observed in assessed sources,Not observed in assessed sources,Supplied abstract/coding notes; no new full-text verification,"mCARE platform was deployed, but the AI models were trained/tested retrospectively on its collected records. Platform deployment is not proof that ML predictions drove care.
Clinical data-collection/communication platform deployed; AI predictions evaluated offline. Do not equate the two."
Proposed only,Triage/questionnaire assessment,Pre-decision,Not observed in assessed sources,Supplied abstract/coding notes; no new full-text verification,"ISAA item scores and six added attributes for severity/attention prioritization. The best reported primary classifier is SVM, with a separate MLP alternative."
Research only,Triage/questionnaire assessment,Not observed in assessed sources,Not observed in assessed sources,Supplied abstract/coding notes; no new full-text verification,Structured age-group screening datasets and feature significance; no electrophysiology. Different cohort-specific winning models are retained explicitly.
Research only,Automated measurement/classification,Not observed in assessed sources,Not observed in assessed sources,Supplied abstract/coding notes; no new full-text verification,EEG power/connectivity classification with reproducibility-focused model selection; not a deep network. Model association stability does not equal cross-site validation.
Research only,Automated measurement/classification,Not observed in assessed sources,Not observed in assessed sources,Supplied abstract/coding notes; no new full-text verification,"Explicit EEG and facial-image feature fusion, with neural CNN and recurrent components. The word hybrid denotes a combination of deep architectures, not conventional-ML/DL integration.
Fusion is reported; participant-level pairing across EEG and face data is not established by the accessible abstract."
Research only,Automated measurement/classification,Not observed in assessed sources,Not observed in assessed sources,Supplied abstract/coding notes; no new full-text verification,Gray- and white-matter features originate from structural MRI; multiple tissue representations are not additional source modalities.
Research only,Risk/trajectory estimation,Not observed in assessed sources,Not observed in assessed sources,Supplied abstract/coding notes; no new full-text verification,Near-infrared camera sleep-motion features predict next-day adverse behavior. Explicit future outcome establishes prognosis; recording over time does not show AI-guided care.
Proposed only,Diagnostic decision support,In-decision,Not observed in assessed sources,Supplied abstract/coding notes; no new full-text verification,"Resting-state brain connectivity, with separate ASD and schizophrenia cohorts. Multiple conditions do not imply multiple input modalities or deep learning."
Research only,Automated measurement/classification,Not observed in assessed sources,Not observed in assessed sources,Supplied abstract/coding notes; no new full-text verification,Functional-connectivity simplicial complexes and Laplacian features from ABIDE fMRI; not deep learning simply because a graph/network is used.
Research only,Automated measurement/classification,Not observed in assessed sources,Not observed in assessed sources,Supplied abstract/coding notes; no new full-text verification,ADOS items are structured clinician ratings; sex-specific model comparisons do not create multisource data.
Research only,Automated measurement/classification,Not observed in assessed sources,Not observed in assessed sources,Supplied abstract/coding notes; no new full-text verification,"Current ADOS symptom scores are targets, not another model input. Anatomical MRI alone drives prediction; not prospective monitoring or fusion."
Research only,Risk/trajectory estimation,Not observed in assessed sources,Not observed in assessed sources,Supplied abstract/coding notes; no new full-text verification,Baseline EEG plus clinical severity predict 91-day treatment response. AI analysis of a randomized drug trial is not an AI-guided intervention trial.
Research only,Risk/trajectory estimation,Not observed in assessed sources,Not observed in assessed sources,Supplied abstract/coding notes; no new full-text verification,Baseline physical/developmental assessments predict later mini-basketball outcomes. The intervention was not allocated or adapted by AI in the reported experiment.
Research only,Automated measurement/classification,Not observed in assessed sources,Not observed in assessed sources,Supplied abstract/coding notes; no new full-text verification,Cross-sectional pragmatic-language characterization in ASD and related genetic phenotypes; no future course or delivered intervention is modeled.
Research only,Automated measurement/classification,Not observed in assessed sources,Not observed in assessed sources,Supplied abstract/coding notes; no new full-text verification,"Resting fMRI correlation matrices with a probabilistic neural classifier. Similar accuracies by institution are site-stratified analysis, not proof of unseen-site transport."
Research only,Automated measurement/classification,Not observed in assessed sources,Not observed in assessed sources,Supplied abstract/coding notes; no new full-text verification,Explicit single-modal fMRI privileged-information method; cascaded RVFL is retained rather than forcing it into conventional CNN or unspecified Other.
Research only,Automated measurement/classification,Not observed in assessed sources,Not observed in assessed sources,Supplied abstract/coding notes; no new full-text verification,Smartphone touch and tilt are behavioral motor data. Deploying a data-collection game does not establish an AI clinical screening workflow.
Research only,Automated measurement/classification,Not observed in assessed sources,Not observed in assessed sources,Supplied abstract/coding notes; no new full-text verification,"Plasma targeted metabolomics; reported best classifiers RF and SVM, not an unspecified data modality."
Research only,Automated measurement/classification,Not observed in assessed sources,Not observed in assessed sources,Supplied abstract/coding notes; no new full-text verification,Structural MRI combined with sALFF/fALFF functional MRI; two-channel CNN. Cross-validation on ABIDE is not external validation.
Research only,Automated measurement/classification,Not observed in assessed sources,Not observed in assessed sources,Supplied abstract/coding notes; no new full-text verification,Elastic-screen gesture measurements and small therapy dataset used to train classifiers; no evidence that model outputs guided care or that classifiers were deep networks.
Evaluated AI-supported intervention,Adaptive intervention,Post-decision,Post-decision,Supplied abstract/coding notes; no new full-text verification,"Randomized sham-controlled EEG mu-neurofeedback evaluation; physiological input and delivered feedback intervention, not an image classifier. Architecture insufficiently specified."
Research only,Automated measurement/classification,Not observed in assessed sources,Not observed in assessed sources,Supplied abstract/coding notes; no new full-text verification,EEG fast Walsh-Hadamard features feed a one-dimensional CNN.
Research only,Automated measurement/classification,Not observed in assessed sources,Not observed in assessed sources,Supplied abstract/coding notes; no new full-text verification,"SFARI/gene-ontology gene-prioritization stacking classifiers; gene-level endpoint, not a patient diagnostic accuracy estimate."
Research only,Automated measurement/classification,Not observed in assessed sources,Not observed in assessed sources,Supplied abstract/coding notes; no new full-text verification,Threat-related fMRI predicts concurrent anxiety symptoms; not a longitudinal intervention or future prognosis study.
Proposed only,Mobile assessment,Pre-decision,Not observed in assessed sources,Supplied abstract/coding notes; no new full-text verification,Questionnaire app and classifier comparisons proposed for early screening. A developed app does not by itself demonstrate clinical workflow use.
Proposed only,Automated measurement/classification,Post-decision,Not observed in assessed sources,Supplied abstract/coding notes; no new full-text verification,"EEG/GSR emotion classification proposed for autism-related care; abstract does not identify classifier components or establish that evaluation participants had ASD.
Reported precision 0.9870% is inconsistent with the other nearly perfect metrics; do not quote these metrics without full-text verification.
Public emotion dataset is unnamed in available abstract; ASD-specific evaluation population cannot be established. Retained from inherited eligibility; exclude in evidence-restricted sensitivity."
Research only,Automated measurement/classification,Not observed in assessed sources,Not observed in assessed sources,Supplied abstract/coding notes; no new full-text verification,Gaze comparison of 37 ASD and 37 typically developing children; discriminant analysis rather than deep learning.
Research only,Automated measurement/classification,Not observed in assessed sources,Not observed in assessed sources,Supplied abstract/coding notes; no new full-text verification,Resting-state fMRI connectivity across atlases with majority voting. Abstract does not identify base classifiers or establish deep learning.
Proposed only,Automated measurement/classification,Post-decision,Not observed in assessed sources,Supplied abstract/coding notes; no new full-text verification,Webcam head-pose deep learning and eye-tracking/attention models for real-time attention assessment; model-assisted intervention outcomes not demonstrated.
Research only,Automated measurement/classification,Not observed in assessed sources,Not observed in assessed sources,Supplied abstract/coding notes; no new full-text verification,Image features and phenotype-defined graph edges jointly inform a population GNN.
Research only,Automated measurement/classification,Not observed in assessed sources,Not observed in assessed sources,Supplied abstract/coding notes; no new full-text verification,Best emphasized pipeline is autoencoder plus DNN; traditional-ML alternatives do not make the primary architecture hybrid.
Research only,Automated measurement/classification,Not observed in assessed sources,Not observed in assessed sources,Supplied abstract/coding notes; no new full-text verification,"Wavelet transformer uses resting-state fMRI, not a nonimaging physiological recording; neurological interpretation is explicit."
Research only,Automated measurement/classification,Not observed in assessed sources,Not observed in assessed sources,Supplied abstract/coding notes; no new full-text verification,"Retrospective chest CT airway geometry, not brain imaging or behavioral photographs; retained as other biomedical imaging with subtype recorded.
Chest CT airway geometry"
Research only,Automated measurement/classification,Not observed in assessed sources,Not observed in assessed sources,Supplied abstract/coding notes; no new full-text verification,fNIRS fluctuation entropy with network-classifier comparison; old note identifies multiple classifiers but no single primary.
Research only,Automated measurement/classification,Not observed in assessed sources,Not observed in assessed sources,Supplied abstract/coding notes; no new full-text verification,fNIRS sample entropy; available coding note describes classifier comparison and does not justify a clustering main family.
Research only,Automated measurement/classification,Not observed in assessed sources,Not observed in assessed sources,Supplied abstract/coding notes; no new full-text verification,Facial landmark-library comparison; classifier family not provided by available abstract.
Research only,Automated measurement/classification,Not observed in assessed sources,Not observed in assessed sources,Supplied abstract/coding notes; no new full-text verification,Anatomical graph and functional MRI signals fused; Fukunaga-Koontz features and interpretable decision-tree model.
Research only,Research characterization,Not observed in assessed sources,Not observed in assessed sources,Supplied abstract/coding notes; no new full-text verification,"Blood group/Rh association study explicitly mentions machine learning, but no prospective risk model or operational workflow is established."
Research only,Automated measurement/classification,Not observed in assessed sources,Not observed in assessed sources,Supplied abstract/coding notes; no new full-text verification,Acoustic prosody classification within and across English and Cantonese; not text analysis. Cross-language transfer is not automatically cross-site robustness.
Research only,Automated measurement/classification,Not observed in assessed sources,Not observed in assessed sources,Supplied abstract/coding notes; no new full-text verification,Physical fitness and MRI gray-matter volumes jointly predict concurrent severity; XGBoost emphasized and SHAP explicitly reported.
Research only,Automated measurement/classification,Not observed in assessed sources,Not observed in assessed sources,Supplied abstract/coding notes; no new full-text verification,EEG windows rendered as images remain EEG source data; augmentation does not add independent data sources.
Research only,Automated measurement/classification,Not observed in assessed sources,Not observed in assessed sources,Supplied abstract/coding notes; no new full-text verification,Effective-connectivity MRI classifier tested in an independent cohort.
Research only,Automated measurement/classification,Not observed in assessed sources,Not observed in assessed sources,Supplied abstract/coding notes; no new full-text verification,"fMRI eigenvector centrality; inherited tree classifier belongs to conventional ML, not deep learning. Family retained from prior charting."
Research only,Automated measurement/classification,Not observed in assessed sources,Not observed in assessed sources,Supplied abstract/coding notes; no new full-text verification,Multiple views of the same structural MRI scan do not constitute independent source fusion.
Research only,Automated measurement/classification,Not observed in assessed sources,Not observed in assessed sources,Supplied abstract/coding notes; no new full-text verification,Eye-tracking image CNN with Bayesian hyperparameter optimization; optimization is not a separate fused clinical modality.
Research only,Automated measurement/classification,Not observed in assessed sources,Not observed in assessed sources,Supplied abstract/coding notes; no new full-text verification,Brain MRI site-agnostic meta-learning evaluated zero-shot on an independent site; not NLP. Neural backbone not specified in available abstract.
Research only,Automated measurement/classification,Not observed in assessed sources,Not observed in assessed sources,Supplied abstract/coding notes; no new full-text verification,"Sequential gaze scanpath classification, with recurrent family inherited from prior coding."
Research only,Automated measurement/classification,Not observed in assessed sources,Not observed in assessed sources,Supplied abstract/coding notes; no new full-text verification,Gray-matter MRI morphometry; support-vector machine is explicit in abstract.
Research only,Automated measurement/classification,Not observed in assessed sources,Not observed in assessed sources,Supplied abstract/coding notes; no new full-text verification,"Resting-state fMRI functional connectivity with VAE-pretrained MLP, internal repeated cross-validation."
Research only,Automated measurement/classification,Not observed in assessed sources,Not observed in assessed sources,Supplied abstract/coding notes; no new full-text verification,"Integrative human transcriptomics/ceRNA marker study, including SVM and RF; not physiological signal or generic NLP."
Research only,Automated measurement/classification,Not observed in assessed sources,Not observed in assessed sources,Supplied abstract/coding notes; no new full-text verification,Filmed interpersonal motor coordination and engineered wavelet coherence features; no deep architecture specified.
Research only,Automated measurement/classification,Not observed in assessed sources,Not observed in assessed sources,Supplied abstract/coding notes; no new full-text verification,"Multi-center low-rank domain adaptation plus KNN. Target-center data participate in representation learning, so this is site-adapted evaluation, not untouched external validation.
Cross-center domain adaptation; target data used during adaptation, not untouched external cohort"
Research only,Automated measurement/classification,Not observed in assessed sources,Not observed in assessed sources,Supplied abstract/coding notes; no new full-text verification,EEG spatial-temporal attention CNN. Attention mechanism alone does not demonstrate explanatory analysis.
Research only,Automated measurement/classification,Not observed in assessed sources,Not observed in assessed sources,Supplied abstract/coding notes; no new full-text verification,"Multi-domain transformer includes ASD toddler identification, but ASD-specific input modality is not specified. Other-domain text/dementia tasks cannot define the ASD data source."
Research only,Automated measurement/classification,Not observed in assessed sources,Not observed in assessed sources,Supplied abstract/coding notes; no new full-text verification,Brain imaging connectivity with multi-head attention and temporal consolidation.
Research only,Automated measurement/classification,Not observed in assessed sources,Not observed in assessed sources,Supplied abstract/coding notes; no new full-text verification,Multiple atlases of the same brain imaging data do not establish multimodal source fusion.
Research only,Automated measurement/classification,Not observed in assessed sources,Not observed in assessed sources,Supplied abstract/coding notes; no new full-text verification,Structural brain MRI deep-learning classification stratified by age/sex; strata are not additional input modalities.
Research only,Automated measurement/classification,Not observed in assessed sources,Not observed in assessed sources,Supplied abstract/coding notes; no new full-text verification,"Multi-view functional brain networks; evaluation on ADNI is a different disease task, not external validation of the ASD classifier."
Research only,Research characterization,Not observed in assessed sources,Not observed in assessed sources,Supplied abstract/coding notes; no new full-text verification,"Human diffusion MRI normative deviations and unsupervised cross-disorder characterization; substantive ASD group retained, not a deployed diagnostic classifier or deep network."
Research only,Automated measurement/classification,Not observed in assessed sources,Not observed in assessed sources,Supplied abstract/coding notes; no new full-text verification,Non-oscillatory MRI connectivity with p-value feature selection and SVM; no deep-learning branch to justify Hybrid.
Research only,Automated measurement/classification,Not observed in assessed sources,Not observed in assessed sources,Supplied abstract/coding notes; no new full-text verification,"Microbiome XAI studies contemporaneous ASD-associated species; personalized interventions are a proposed implication, not prospective prognosis or image analysis."
Research only,Research characterization,Not observed in assessed sources,Not observed in assessed sources,Supplied abstract/coding notes; no new full-text verification,"ML estimates environmental exposure, followed by ASD epidemiological association analysis; no individual clinical risk decision system. Retained under broad computational ASD mapping, flagged for scope sensitivity.
AI predicts environmental exposures rather than an ASD clinical endpoint; retain only in broad mapping and exclude in direct-clinical-endpoint sensitivity."
Proposed only,Triage/questionnaire assessment,Pre-decision,Not observed in assessed sources,Supplied abstract/coding notes; no new full-text verification,"Parental free text is combined with an adaptively selected screening question; proposed prescreening role, not demonstrated clinical use."
Research only,Automated measurement/classification,Not observed in assessed sources,Not observed in assessed sources,Supplied abstract/coding notes; no new full-text verification,"EEG cross-wavelet images with ResNet-101. Older/younger split is internal age-stratified evaluation, and auditory stimulus is not a second measured input source."
Research only,Automated measurement/classification,Not observed in assessed sources,Not observed in assessed sources,Supplied abstract/coding notes; no new full-text verification,"SASL ensemble on multi-template fMRI connectivity, not a deep architecture or multiple source modality.
Multicenter representation learning; held-out-site test design not established by available abstract"
Research only,Risk/trajectory estimation,Not observed in assessed sources,Not observed in assessed sources,Supplied abstract/coding notes; no new full-text verification,"Previous-night BCG restlessness predicts next-day behavior; a temporal prognosis endpoint, not AI-guided intervention. Comparing ANN/SVM is not Hybrid."
Research only,Automated measurement/classification,Not observed in assessed sources,Not observed in assessed sources,Supplied abstract/coding notes; no new full-text verification,"Functional random forest learns from seven cognitive tasks. MRI is used for subsequent subgroup characterization rather than as the classifier input.
Multiple cognitive instruments; MRI is downstream validation/characterization, not predictive input"
Research only,Automated measurement/classification,Not observed in assessed sources,Not observed in assessed sources,Supplied abstract/coding notes; no new full-text verification,Questionnaire-based subtype discovery with k-means; classifier SHAP follow-up explicit. Not free-text NLP.
Proposed only,Adaptive intervention,Post-decision,Not observed in assessed sources,Supplied abstract/coding notes; no new full-text verification,"PandaSays CNN output commands a robot; functional prototype integration is demonstrated, but abstract does not establish evaluation of delivered treatment in ASD participants.
System-to-robot technical integration does not establish patient-facing clinical evaluation."
Research only,Automated measurement/classification,Not observed in assessed sources,Not observed in assessed sources,Supplied abstract/coding notes; no new full-text verification,"MEG power and phase feature/score fusion are two representations of one recorded source, not multisource acquisition."
Evaluated at point of use,Monitoring/longitudinal analysis,Post-decision,Post-decision,Supplied abstract/coding notes; no new full-text verification,"Accelerometer-based stereotypy detection with situation-aware event reporting; hospital-deployed prototype explicitly tested, but classifier architecture unspecified.
Hospital prototype evaluation established; effect on clinician decisions not quantified in available abstract."
Research only,Automated measurement/classification,Not observed in assessed sources,Not observed in assessed sources,Supplied abstract/coding notes; no new full-text verification,Diffusion tract segmentation with downstream autism group comparisons; not a diagnostic classifier despite clinical research relevance.
Research only,Risk/trajectory estimation,Not observed in assessed sources,Not observed in assessed sources,Supplied abstract/coding notes; no new full-text verification,"Placental vascular images classify high-risk versus population cohorts; risk-group discrimination is not prediction of subsequently observed child ASD diagnosis.
Placental vascular imaging"
Research only,Automated measurement/classification,Not observed in assessed sources,Not observed in assessed sources,Supplied abstract/coding notes; no new full-text verification,Digitized clinical/questionnaire history with SMO-trained SVM; optimization does not make an ML/DL hybrid.
Research only,Automated measurement/classification,Not observed in assessed sources,Not observed in assessed sources,Supplied abstract/coding notes; no new full-text verification,Single fNIRS source with temporal and graph convolution; multiple channels do not establish multisource data.
Proposed only,Adaptive intervention,Post-decision,Not observed in assessed sources,Supplied abstract/coding notes; no new full-text verification,"Mobile linguistic-therapy architecture combines image and language components; available abstract reports a software proposal, not a clinical treatment trial."
Research only,Research characterization,Not observed in assessed sources,Not observed in assessed sources,Supplied abstract/coding notes; no new full-text verification,RNA sequence and expression fusion for gene-level risk classification. CNN and LSTM are both deep learning; logistic feature selection does not establish a mixed clinical classifier.
Research only,Automated measurement/classification,Not observed in assessed sources,Not observed in assessed sources,Supplied abstract/coding notes; no new full-text verification,DNN outperformed comparators in concurrent ASD severity classification; data source cannot be recovered from available abstract.
Research only,Automated measurement/classification,Not observed in assessed sources,Not observed in assessed sources,Supplied abstract/coding notes; no new full-text verification,"Conventional classifier comparison, not ML/DL hybrid. Input modality not specified in available abstract."
Research only,Research characterization,Not observed in assessed sources,Not observed in assessed sources,Supplied abstract/coding notes; no new full-text verification,Transcriptomic gene selection followed by network toxicology and docking; no deep-learning component or deployed clinical decision.
Research only,Automated measurement/classification,Not observed in assessed sources,Not observed in assessed sources,Supplied abstract/coding notes; no new full-text verification,Deep residual network on ABIDE fMRI with optimization; testing two repositories does not itself show independent transfer.
Research only,Research characterization,Not observed in assessed sources,Not observed in assessed sources,Primary-source full text (targeted sections),"forecASD uses stacked random forests for gene prioritization, not clinical prescreening or deep learning. Independent gene-level cohorts test generalization."
Research only,Automated measurement/classification,Not observed in assessed sources,Not observed in assessed sources,Supplied abstract/coding notes; no new full-text verification,Behavioral head-motion angles and rates; decision tree best classifier is explicit.
Research only,Automated measurement/classification,Not observed in assessed sources,Not observed in assessed sources,Supplied abstract/coding notes; no new full-text verification,"Serum biomarker combined regression models are explicitly compared for concurrent ASD/severity; this is exploratory prediction, not a prospectively validated decision system.
Exploratory regression biomarker model without out-of-sample evaluation; exclude in restrictive ML/clinical-endpoint sensitivity if protocol requires validated classifiers."
Research only,Research characterization,Not observed in assessed sources,Not observed in assessed sources,Supplied abstract/coding notes; no new full-text verification,"PTEN mutation structural dynamics and ML classify molecular effects, not patients; broad molecular ASD scope only.
Human gene/mutation-derived molecular modeling with dynamics simulations; no direct patient-level clinical outcome."
Research only,Automated measurement/classification,Not observed in assessed sources,Not observed in assessed sources,Supplied abstract/coding notes; no new full-text verification,Dynamic and static BOLD connectivity within a single fMRI source.
Research only,Automated measurement/classification,Not observed in assessed sources,Not observed in assessed sources,Supplied abstract/coding notes; no new full-text verification,"Rare CNVs and annotations with conditional-inference forest; conventional ML, not deep-learning hybrid."
Research only,Automated measurement/classification,Not observed in assessed sources,Not observed in assessed sources,Supplied abstract/coding notes; no new full-text verification,"Multimodal affect/engagement models evaluated on recordings from robot therapy; abstract does not show that model estimates drove robot behavior during therapy.
Two cultures are described; independent held-out-cultural/site testing and real-time feedback use are not established by the available abstract."
Research only,Risk/trajectory estimation,Not observed in assessed sources,Not observed in assessed sources,Supplied abstract/coding notes; no new full-text verification,Multiple standardized developmental instruments in high-risk infants predict later ASD outcome; longitudinal data collection is not prospective model deployment.
Research only,Automated measurement/classification,Not observed in assessed sources,Not observed in assessed sources,Supplied abstract/coding notes; no new full-text verification,Spatiotemporal fMRI transformer and post-hoc interpretation; all neural branches remain deep learning.
Research only,Research characterization,Not observed in assessed sources,Not observed in assessed sources,Author-institution bibliographic record,"Semi-supervised MRI subtyping rather than deep learning. Institutional record identifies conference proceedings; full-report status not established.
Conference record in Biological Psychiatry; complete proceedings paper versus abstract-only publication cannot be established from institutional metadata. Exclude from evidence-restricted sensitivity."
Research only,Automated measurement/classification,Not observed in assessed sources,Not observed in assessed sources,Supplied abstract/coding notes; no new full-text verification,"Speech is the stated source, not physiological biosignals; available abstract does not establish model family."
Evaluated at point of use,Diagnostic decision support,In-decision,In-decision,Supplied abstract/coding notes; no new full-text verification,"Canvas Dx explicitly integrated into ECHO primary-care diagnostic workflow; prospective observational evaluation, not merely an offline classifier."
Research only,Research characterization,Not observed in assessed sources,Not observed in assessed sources,Supplied abstract/coding notes; no new full-text verification,"Diet-dependent microbial simulations contextualize ML predictions; no deep neural component establishes a Hybrid category.
Human-derived microbial ML context with in-silico metabolic modeling; exclude in direct clinical-endpoint sensitivity."
Research only,Automated measurement/classification,Not observed in assessed sources,Not observed in assessed sources,Supplied abstract/coding notes; no new full-text verification,"Inertial hand-movement recordings are behavioral motor data, not physiological biosignals; classifier comparison without care deployment."
Evaluated care-delivery platform,Adaptive intervention,Post-decision,Post-decision,Supplied abstract/coding notes; no new full-text verification,"CognitiveBotics platform used alongside therapy over 12 months. Assessment scales are outcomes and do not establish the AI input modality or architecture.
Nonrandom adherence-defined groups and concurrent standard therapy; do not attribute observed improvement causally to AI."
Research only,Automated measurement/classification,Not observed in assessed sources,Not observed in assessed sources,Supplied abstract/coding notes; no new full-text verification,"RoBERTa/clinical-note classification with sentence-level explanations, analyzed retrospectively."
Research only,Automated measurement/classification,Not observed in assessed sources,Not observed in assessed sources,Supplied abstract/coding notes; no new full-text verification,Facial-image deep-learning ensemble and optimizer; background CAD discussion is not a demonstrated clinician-facing workflow.
Research only,Automated measurement/classification,Not observed in assessed sources,Not observed in assessed sources,Supplied abstract/coding notes; no new full-text verification,Conventional clustering and ten ML classifiers across age datasets; title word Hybrid does not establish ML/DL integration.
Research only,Automated measurement/classification,Not observed in assessed sources,Not observed in assessed sources,Supplied abstract/coding notes; no new full-text verification,"SVM-RFE is feature selection ahead of sparse-autoencoder/Softmax classification. Retrospective ABIDE evaluation and explainability, with inherited expression-of-concern flag retained."
Proposed only,Triage/questionnaire assessment,Pre-decision,Not observed in assessed sources,Supplied abstract/coding notes; no new full-text verification,ESCS decision algorithm explicitly intended to guide pediatricians; secondary future cognitive-outcome model recorded. Longitudinal analysis does not establish prospective model evaluation.
Research only,Automated measurement/classification,Not observed in assessed sources,Not observed in assessed sources,Supplied abstract/coding notes; no new full-text verification,Behavioral and multimodal model experiments with SHAP/LIME; no actual clinician workflow use is reported.
Research only,Research characterization,Not observed in assessed sources,Not observed in assessed sources,Primary-source final article abstract and publication metadata,"Published final article validates LLM annotation of caregiver health-information communities; no care decisions made by this model.
Caregiver information-needs research rather than an AI decision or delivered care-support system; exclude in direct clinical-endpoint sensitivity."
Evaluated AI-supported intervention,Adaptive intervention,Post-decision,Post-decision,Supplied abstract/coding notes; no new full-text verification,GPT chatbot delivers positive-psychology intervention to ASD caregivers. Well-being scales and interviews evaluate outcomes rather than establish multimodal AI input.
Research only,Risk/trajectory estimation,Not observed in assessed sources,Not observed in assessed sources,Primary-source final publication metadata,Published final article evaluates few-shot LLM prediction of individual mindfulness response in a secondary RCT analysis; not AI-assigned treatment.
Research only,Assistive support,Not observed in assessed sources,Not observed in assessed sources,Primary-source abstract and final-publication metadata,Peer-reviewed final article benchmarks ASD information quality of general-purpose chatbots; no caregiver-outcome or clinical-use study.
Research only,Automated measurement/classification,Not observed in assessed sources,Not observed in assessed sources,Supplied abstract/coding notes; no new full-text verification,Diffusion microstructure comparison using tract segmentation. Healthy controls are not an independent external validation cohort for an ASD prediction model.
Research only,Automated measurement/classification,Not observed in assessed sources,Not observed in assessed sources,Supplied abstract/coding notes; no new full-text verification,Model-family comparison audits rule-derived screening labels; gradient boosting leads the leakage-free scenario. Comparing deep and classical models is not a Hybrid pipeline.
Research only,Automated measurement/classification,Not observed in assessed sources,Not observed in assessed sources,Supplied abstract/coding notes; no new full-text verification,Microanalytically coded behavioral frequencies feed logistic regression; multiple behaviors from one coded observation do not automatically establish multimodal input fusion.
Research only,Risk/trajectory estimation,Not observed in assessed sources,Not observed in assessed sources,Supplied abstract/coding notes; no new full-text verification,"Baseline NLP-derived mood instability and structured covariates model subsequent service use/time to discharge; observational prognosis, not deployed monitoring."
Research only,Automated measurement/classification,Not observed in assessed sources,Not observed in assessed sources,Supplied abstract/coding notes; no new full-text verification,Functional-system GNN on retrospective multisite fMRI; interpretive biomarker analysis but no tested clinical workflow.
Research only,Automated measurement/classification,Not observed in assessed sources,Not observed in assessed sources,Supplied abstract/coding notes; no new full-text verification,"BioBERT clinical-note transfer experiments train sequentially or jointly on two datasets; untouched external validation is not established in available abstract.
Sequential/mixed-dataset transfer; training-test independence of an untouched external cohort not established"
Proposed only,Triage/questionnaire assessment,Pre-decision,Not observed in assessed sources,Supplied abstract/coding notes; no new full-text verification,Online cognitive task scores combined with a screening questionnaire; explicit intended screening tool but no demonstrated clinical deployment.
Research only,Automated measurement/classification,Not observed in assessed sources,Not observed in assessed sources,Supplied abstract/coding notes; no new full-text verification,"EEG HCTSA features and conventional classifiers with Shapley explanations; single small dataset, not externally validated."
Research only,Automated measurement/classification,Not observed in assessed sources,Not observed in assessed sources,Supplied abstract/coding notes; no new full-text verification,Wechsler cognitive profiles in ASD versus ADHD; exploratory cognitive characterization.
Research only,Automated measurement/classification,Not observed in assessed sources,Not observed in assessed sources,Supplied abstract/coding notes; no new full-text verification,Hippocampal fMRI classifier comparison and clinical associations; research use only.
Research only,Monitoring/longitudinal analysis,Not observed in assessed sources,Not observed in assessed sources,Supplied abstract/coding notes; no new full-text verification,"Deep acoustic segmentation and subsequent prosodic-synchrony analysis over two time points, without live care decisions."
Research only,Research characterization,Not observed in assessed sources,Not observed in assessed sources,Supplied abstract/coding notes; no new full-text verification,"Predicts current brain age from T1/T2 MRI, not future clinical trajectory. Application to ASD participants does not itself establish external study-level validation.
Normative TDC-to-ASD application; independent acquisition cohort versus same-study held-out group unresolved"
Research only,Automated measurement/classification,Not observed in assessed sources,Not observed in assessed sources,Supplied abstract/coding notes; no new full-text verification,"Human serum proteomes are included alongside mouse proteomics, so not a mouse-only study. XGBoost biomarker classification reported."
Research only,Automated measurement/classification,Not observed in assessed sources,Not observed in assessed sources,Supplied abstract/coding notes; no new full-text verification,"Explicit fusion of facial expression and EDA/temperature/heart rate on EMBOA recordings, not demonstrated robot-feedback deployment."
Evaluated AI-supported intervention,Adaptive intervention,Post-decision,Post-decision,Supplied abstract/coding notes; no new full-text verification,"Emotion-video model linked to music therapy with reported pre/post evaluation in 182 families. Questionnaire outcomes are not additional AI inputs.
Reported uncontrolled pre/post study; it does not establish causal efficacy or external diagnostic validation."
Evaluated AI-supported intervention,Assistive support,Post-decision,Post-decision,Supplied abstract/coding notes; no new full-text verification,"LOVOT interaction sessions tested in four ASD children; actual assistive use, but AI architecture and causal efficacy remain unspecified."
Research only,Automated measurement/classification,Not observed in assessed sources,Not observed in assessed sources,Supplied abstract/coding notes; no new full-text verification,Interpretable C4.5 screening-pattern analysis across age datasets; no workflow evaluation.
Research only,Automated measurement/classification,Not observed in assessed sources,Not observed in assessed sources,Supplied abstract/coding notes; no new full-text verification,Postmortem human histopathology image classification; tissue regions are not distinct acquired modalities.
Research only,Research characterization,Not observed in assessed sources,Not observed in assessed sources,Supplied abstract/coding notes; no new full-text verification,Cognitive and psychosocial scores jointly define transdiagnostic child clusters; substantive ASD-related sample but not an operational diagnosis system.
Research only,Automated measurement/classification,Not observed in assessed sources,Not observed in assessed sources,Supplied abstract/coding notes; no new full-text verification,"Open-ended questionnaire responses are free text; model/embedding comparisons and interpretability, not closed-item tabular input."
Proposed only,Triage/questionnaire assessment,Pre-decision,Not observed in assessed sources,Supplied abstract/coding notes; no new full-text verification,QCHAT models trained in New Zealand/Saudi Arabia are explicitly tested on independent Polish clinical diagnoses; genuine cross-setting evaluation.
Research only,Automated measurement/classification,Not observed in assessed sources,Not observed in assessed sources,Supplied abstract/coding notes; no new full-text verification,"Motion-adjusted functional-connectivity estimation; methodological research, not direct clinical prediction or generic cross-site robustness."
Research only,Automated measurement/classification,Not observed in assessed sources,Not observed in assessed sources,Supplied abstract/coding notes; no new full-text verification,Multimodal MRI combined with physical-health markers from ABCD; stratified internal cross-validation.
Research only,Automated measurement/classification,Not observed in assessed sources,Not observed in assessed sources,Supplied abstract/coding notes; no new full-text verification,"EEG spatial/functional features from a single signal; two datasets evaluated, but external transfer design not established in available evidence.
Sheffield and KAU benchmark evaluations; train-on-one/test-on-the-other not established by abstract"
Research only,Automated measurement/classification,Not observed in assessed sources,Not observed in assessed sources,Supplied abstract/coding notes; no new full-text verification,Demographic-aware sMRI CNNs with internal five-fold validation; independent-data evaluation explicitly left for future work.
Research only,Automated measurement/classification,Not observed in assessed sources,Not observed in assessed sources,Supplied abstract/coding notes; no new full-text verification,Frequency-domain rs-fMRI offline classifier; CAD motivation does not establish clinical use.
Proposed only,Diagnostic decision support,In-decision,Not observed in assessed sources,Supplied abstract/coding notes; no new full-text verification,Fog/cloud diagnostic architecture proposed; feature selection alone does not demonstrate model explanation.
Proposed only,Triage/questionnaire assessment,Pre-decision,Not observed in assessed sources,Supplied abstract/coding notes; no new full-text verification,Federated simulation with artificial clients; not observed multisite clinical evaluation or demonstrated privacy guarantee.
Research only,Triage/questionnaire assessment,Not observed in assessed sources,Not observed in assessed sources,Supplied abstract/coding notes; no new full-text verification,"Screening model uses ADI-R phenotypes; transcriptomic subgroup characterization is secondary, not necessarily joint predictive input."
Research only,Research characterization,Not observed in assessed sources,Not observed in assessed sources,Supplied abstract/coding notes; no new full-text verification,"Gene prioritization endpoint, not patient diagnostic prediction."
Research only,Research characterization,Not observed in assessed sources,Not observed in assessed sources,Supplied abstract/coding notes; no new full-text verification,"ML exposure reconstruction plus ASD-trait epidemiology; not a prospectively evaluated ASD prognosis tool.
Indirect ASD relevance: ML estimates exposure, not the clinical outcome."
Research only,Risk/trajectory estimation,Not observed in assessed sources,Not observed in assessed sources,Primary-source full text (targeted sections),"Birth-available phenotype/genetic features predict later ASD; model uses nested CV, SSC validation is for association analyses rather than the ML model.
Nested cross-validation of ML model; SSC replication of associations is not external ML validation."
Proposed only,Triage/questionnaire assessment,Pre-decision,Not observed in assessed sources,Supplied abstract/coding notes; no new full-text verification,"Questionnaire-derived graph is a representation of the same input, not an independent modality; NLP interface is not evidence of new input data."
Proposed only,Triage/questionnaire assessment,Pre-decision,Not observed in assessed sources,Supplied abstract/coding notes; no new full-text verification,Proposed MRI/demographic triage pipeline; no actual clinical workflow evaluation established.
Research only,Research characterization,Not observed in assessed sources,Not observed in assessed sources,Supplied abstract/coding notes; no new full-text verification,"Retrospective segmentation and concurrent severity association, not future prognosis."
Research only,Automated measurement/classification,Not observed in assessed sources,Not observed in assessed sources,Supplied abstract/coding notes; no new full-text verification,Public-data simulation; ensemble architecture is not clinical deployment.
Proposed only,Diagnostic decision support,In-decision,Not observed in assessed sources,Supplied abstract/coding notes; no new full-text verification,"Explicit zero-shot ABIDE I to ABIDE II evaluation supports external testing; site-stratified internal CV alone would not. Clinical text provenance remains a caveat.
Zero-shot ABIDE I to ABIDE II; external accuracy 52.3% author-reported.
Clinical text origin and independence from labels require caution; not verified from full text in this pass."
Research only,Automated measurement/classification,Not observed in assessed sources,Not observed in assessed sources,Supplied abstract/coding notes; no new full-text verification,"Drawing-based developmental screening benchmark with LRP explanations, not clinical deployment."
Research only,Automated measurement/classification,Not observed in assessed sources,Not observed in assessed sources,Supplied abstract/coding notes; no new full-text verification,"Offline P300 target-response classifier; hybrid quantum-classical architecture kept explicit, not conventional ML plus DL.
Quantum-classical hybrid; not conventional ML-DL hybrid.
EEG P300"
Research only,Automated measurement/classification,Not observed in assessed sources,Not observed in assessed sources,Supplied abstract/coding notes; no new full-text verification,Gait classification benchmark; all-neural branches do not imply conventional ML-DL hybrid.
Research only,Monitoring/longitudinal analysis,Not observed in assessed sources,Not observed in assessed sources,Supplied abstract/coding notes; no new full-text verification,Behavioral action dataset benchmark; no primary winning family inferred.
Evaluated at point of use,Triage/questionnaire assessment,Pre-decision,Pre-decision,Supplied abstract/coding notes; no new full-text verification,"Abstract explicitly reports operation at a healthcare provider; deployment is author-reported, clinical benefit is not independently established.
Operational-use claim from abstract; no independently verified causal improvement in diagnostic outcomes."
Proposed only,Monitoring/longitudinal analysis,Post-decision,Not observed in assessed sources,Prior source-specific extraction retained; no new full-text retrieval,Thermal facial monitoring prototype; proposed medication adjustment is not evidence of actual treatment decisions.
Research only,Triage/questionnaire assessment,Not observed in assessed sources,Not observed in assessed sources,Prior source-specific extraction retained; no new full-text retrieval,Retained source-specific coding after review of the supplied extraction notes; not a new full-text retrieval. ASDD evalúa 27 modelos y herramientas AutoML sobre siete datasets y un dataset combinado; varios resultados llegan a 100% de accuracy/F1. Los resultados perfectos exigen cautela. No se identificó una validación externa fija en un cohort/dataset independiente del proceso de desarrollo; múltiples datasets no equivalen automáticamente a external validation.
Evaluated AI-supported intervention,Adaptive intervention,Post-decision,Post-decision,Prior source-specific extraction retained; no new full-text retrieval,"Retained source-specific coding after review of the supplied extraction notes; not a new full-text retrieval. Evaluación de campo de 3 semanas en escuela especial: 12 niños con ASD, 5 tutores, 330 clips revisados; el módulo de feedback afectivo reporta 97.6% de acierto. Muestra pequeña y evaluación breve. La precisión del módulo de feedback no debe confundirse con eficacia clínica de largo plazo."
Research only,Automated measurement/classification,Not observed in assessed sources,Not observed in assessed sources,Prior source-specific extraction retained; no new full-text retrieval,"Retained source-specific coding after review of the supplied extraction notes; not a new full-text retrieval. Pipeline con preprocesamiento MRI, extracción ROI/rasgos y DenseNet optimizado con JSTO; reporta accuracy de 94.8%. No se identificó validación externa independiente. Además, el texto indexado reporta FNR/FPR que parecen incompatibles con TPR/TNR simultáneamente reportados bajo definiciones estándar; requiere comprobación de tabla en verificación independiente."
Research only,Automated measurement/classification,Not observed in assessed sources,Not observed in assessed sources,Prior source-specific extraction retained; no new full-text retrieval,Retained source-specific coding after review of the supplied extraction notes; not a new full-text retrieval. MCBERT fusiona MRI y meta-features en ABIDE-I y usa leave-one-site-out; se reporta accuracy máxima de 93.4%. LOSO sí aporta evaluación entre sitios y se codifica como external/site-held-out validation. El uso de atención arquitectónica no se contabilizó como XAI porque no se identificó una evaluación explícita de explicaciones.
Research only,Triage/questionnaire assessment,Not observed in assessed sources,Not observed in assessed sources,Prior source-specific extraction retained; no new full-text retrieval,"Retained source-specific coding after review of the supplied extraction notes; not a new full-text retrieval. SWATH-MS en 30 ASD vs controles seleccionó biomarcadores mediante ML; un grupo independiente adicional de 30 ASD vs controles fue validado por MRM. Panel de 4 proteínas: AUC 0.8087. La validación independiente fortalece el biomarcador, pero parece provenir del mismo entorno institucional y no demuestra generalización cross-site."
Research only,Automated measurement/classification,Not observed in assessed sources,Not observed in assessed sources,Prior source-specific extraction retained; no new full-text retrieval,"Retained source-specific coding after review of the supplied extraction notes; not a new full-text retrieval. n=81 (42 TD, 39 ASD); validación anidada repetida separada por sujeto; compara modelos end-to-end 3D CNN-ResNet con rasgos manuales y aplica SHAP. La validación interna está bien protegida contra mezcla de sujetos, pero el tamaño muestral sigue siendo pequeño y no existe cohorte externa independiente."
Proposed only,Monitoring/longitudinal analysis,Post-decision,Not observed in assessed sources,Prior source-specific extraction retained; no new full-text retrieval,Retained source-specific coding after review of the supplied extraction notes; not a new full-text retrieval. Sistema adaptativo con selección/optimización MGSOA y red dilated 1DCNN-LSTM con atención para detectar estados y recomendar acciones; la evaluación descrita es computacional/simulada. No se identificó despliegue real ni evaluación clínica prospectiva; la modalidad primaria de datos no quedó suficientemente especificada para codificarla sin inferencia.
Proposed only,Triage/questionnaire assessment,Pre-decision,Not observed in assessed sources,Prior source-specific extraction retained; no new full-text retrieval,"Retained source-specific coding after review of the supplied extraction notes; not a new full-text retrieval. Combina dos datasets de toddlers, usa split 80:20, SMOTE, tres métodos de selección y ensamble LR-SVM; reporta 94% para ASD y 99.29% para estrategia docente. Aunque el título usa “explainable AI”, no se identificó SHAP/LIME u otro método XAI formal en el texto recuperado; se codificó solo interpretabilidad parcial por selección de rasgos. No hay validación externa independiente."
Research only,Triage/questionnaire assessment,Not observed in assessed sources,Not observed in assessed sources,Prior source-specific extraction retained; no new full-text retrieval,"Retained source-specific coding after review of the supplied extraction notes; not a new full-text retrieval. Evalúa STA en tres datasets de eye-tracking y diferentes páginas/tareas; obtiene ~60% de éxito, con menor variación que comparadores ML. La repetición en tres datasets muestra consistencia del algoritmo, pero no se identificó un esquema de entrenamiento fijo en una cohorte y validación externa en otra; no se codifica external validation."
Research only,Automated measurement/classification,Not observed in assessed sources,Not observed in assessed sources,Prior source-specific extraction retained; no new full-text retrieval,"Retained source-specific coding after review of the supplied extraction notes; not a new full-text retrieval. Usa ABIDE-II, autoencoder 3D para representación/selección regional y Siamese CNN; la selección MI alcanza accuracy máxima reportada cercana a 0.66. ABIDE-II es multisitio, pero no se identificó validación site-held-out. La selección de regiones aporta interpretabilidad anatómica parcial, no XAI formal."
Proposed only,Automated measurement/classification,In-decision,Not observed in assessed sources,Prior source-specific extraction retained; no new full-text retrieval,"Retained source-specific coding after review of the supplied extraction notes; not a new full-text retrieval. ABIDE (n≈1112) con conectividad rs-fMRI + datos fenotípicos; CNN-BiLSTM con atención y split interno 70/30. El conjunto es multisitio y multifuente, pero la evaluación reportada es un split interno; no se identificó site-held-out/cross-site validation. Atención arquitectónica no se contó como XAI sin análisis de explicación."
Research only,Triage/questionnaire assessment,Not observed in assessed sources,Not observed in assessed sources,Prior source-specific extraction retained; no new full-text retrieval,Retained source-specific coding after review of the supplied extraction notes; not a new full-text retrieval. Evalúa involution+convolution en dos datasets de eye-tracking y su combinación; el modelo IC con tres capas de involution supera comparadores. Se usa partición aleatoria tras combinar/aumentar imágenes. Esto plantea un riesgo potencial de dependencia entre imágenes/sujetos si la partición no fue totalmente subject-wise; no se afirma leakage porque el texto no lo demuestra.
Research only,Automated measurement/classification,Not observed in assessed sources,Not observed in assessed sources,Prior source-specific extraction retained; no new full-text retrieval,"Retained source-specific coding after review of the supplied extraction notes; not a new full-text retrieval. Estudio clínico prospectivo con 24 ASD y 27 TD, fNIRS de 41 canales y XGBoost con validación anidada (outer 10, inner 5); reporta accuracy 96%. La validación es interna. Los autores reconocen muestra pequeña y ausencia de ADI-R/ADOS como gold-standard; no hay cohorte externa."
Research only,Automated measurement/classification,Not observed in assessed sources,Not observed in assessed sources,Prior source-specific extraction retained; no new full-text retrieval,"Retained source-specific coding after review of the supplied extraction notes; not a new full-text retrieval. Combina conectividad rs-fMRI y variables fenotípicas de ABIDE-I en un GCN multiescala con inferencia difusa; usa 11-fold CV interno. Aunque ABIDE-I es multisitio, no se identificó site-held-out validation. El sitio de adquisición aparece entre rasgos fenotípicos, lo que puede introducir dependencia del sitio; se requiere análisis específico antes de afirmar robustez cross-site."
Research only,Triage/questionnaire assessment,Not observed in assessed sources,Not observed in assessed sources,Prior source-specific extraction retained; no new full-text retrieval,"Retained source-specific coding after review of the supplied extraction notes; not a new full-text retrieval. Protocolo de block-play parent-child con 40 ASD y 89 TD; cámara RGB, pose con Faster R-CNN+HRNet y clasificador 2sGCN-AxLSTM; accuracy reportada 89.6%. Datos recogidos prospectivamente en un único entorno y n=129; no hay validación externa independiente. El módulo de atención no se contó como XAI porque no se presentó como explicación clínica."
Research only,Research characterization,Not observed in assessed sources,Not observed in assessed sources,Prior source-specific extraction retained; no new full-text retrieval,"Retained source-specific coding after review of the supplied extraction notes; not a new full-text retrieval. Identifies seven disulfidptosis-related genes and reports a predictive model (AUC 0.759) with external validation (AUC 0.811), plus animal follow-up. The paper is primarily mechanistic/biomarker research. External datasets support validation, but no real clinical workflow or site-held-out evaluation was demonstrated."
Proposed only,Triage/questionnaire assessment,Pre-decision,Not observed in assessed sources,Prior source-specific extraction retained; no new full-text retrieval,"Retained source-specific coding after review of the supplied extraction notes; not a new full-text retrieval. DenseResNet combines DenseNet and ResNet transfer learning on facial images; 2526 training and 200 test images; reported accuracy 97.07%. Internal dataset evaluation only. No independent external cohort, prospective clinical workflow, cross-site test, or formal XAI was identified."
Research only,Automated measurement/classification,Not observed in assessed sources,Not observed in assessed sources,Prior source-specific extraction retained; no new full-text retrieval,"Retained source-specific coding after review of the supplied extraction notes; not a new full-text retrieval. EEFM fuses time/frequency EEG features using an LSTM autoencoder, XGBoost and linear regression; reported ASD-vs-TD accuracy is 93%. Multiple EEG collections do not by themselves establish independent external validation or cross-site robustness; no formal XAI was reported."
Research only,Automated measurement/classification,Not observed in assessed sources,Not observed in assessed sources,Prior source-specific extraction retained; no new full-text retrieval,"Retained source-specific coding after review of the supplied extraction notes; not a new full-text retrieval. NeuroNet57 extracts ABIDE-I/II features, ACO selects features, and FineKNN reports 92.21% accuracy on ABIDE-I and 93.49% on ABIDE-II. ABIDE is multisite, but the recovered text did not document site-held-out testing or a fixed development-versus-external validation design."
Proposed only,Triage/questionnaire assessment,Pre-decision,Not observed in assessed sources,Prior source-specific extraction retained; no new full-text retrieval,"Retained source-specific coding after review of the supplied extraction notes; not a new full-text retrieval. Uses Capsule DenseNet++ with optimization for ASD screening on two public datasets and a PPO component for lifestyle recommendation; reported accuracies are about 99.2-99.3%. The two datasets were not documented as a fixed independent external-validation scheme, and the recommendation component was not evaluated in a prospective care workflow.
All-neural/optimization pipeline in recovered evidence; hybrid title is not sufficient for mixed conventional-ML/DL classification."
Research only,Automated measurement/classification,Not observed in assessed sources,Not observed in assessed sources,Prior source-specific extraction retained; no new full-text retrieval,"Retained source-specific coding after review of the supplied extraction notes; not a new full-text retrieval. STEM combines an autoencoder, depthwise-separable convolution, BiGRU and pseudo-label self-training across EEG data; reported accuracy is 88.33% and F1 87.24%. Use of several EEG datasets does not automatically prove external validation; no explicit site-held-out or prospective clinical evaluation was identified."
Research only,Triage/questionnaire assessment,Not observed in assessed sources,Not observed in assessed sources,Prior source-specific extraction retained; no new full-text retrieval,"Retained source-specific coding after review of the supplied extraction notes; not a new full-text retrieval. Three teachers supervised 12 children (6 ASD, 6 TD) over three months and 640 game sessions; Random Forest was best, with reported accuracy near 96%. Very small single-context sample. Data collection was prospective, but the classifier was not shown to operate as an independent deployed screening decision in routine practice."
Research only,Automated measurement/classification,Not observed in assessed sources,Not observed in assessed sources,Prior source-specific extraction retained; no new full-text retrieval,"Retained source-specific coding after review of the supplied extraction notes; not a new full-text retrieval. An optimized attention-enhanced MRI pipeline classifies ASD and localizes abnormal regions; reported accuracy is 97.29% on ABIDE-derived data. ABIDE provides multisite data, but no site-held-out validation was identified. Region localization was coded as partial interpretability, not formal XAI."
Research only,Monitoring/longitudinal analysis,Not observed in assessed sources,Not observed in assessed sources,Prior source-specific extraction retained; no new full-text retrieval,"Retained source-specific coding after review of the supplied extraction notes; not a new full-text retrieval. Follows 25 autistic preschoolers over one year of NDBI; 75 intervention videos are analyzed with automatic speech segmentation and CRQA acoustic synchrony. Prospective longitudinal data support monitoring research, but the AI output was analyzed as a research measure rather than used to alter therapy decisions in real time."
Research only,Automated measurement/classification,Not observed in assessed sources,Not observed in assessed sources,Prior source-specific extraction retained; no new full-text retrieval,Retained source-specific coding after review of the supplied extraction notes; not a new full-text retrieval. Early fusion combines rs-fMRI and phenotypic features; the study reports explainable biomarker analysis and leave-one-site-out evaluation on multisite ABIDE data. LOSO is strong evidence of site-level generalization but performance remains moderate; it is still retrospective research rather than prospective clinical deployment.
Research only,Automated measurement/classification,Not observed in assessed sources,Not observed in assessed sources,Prior source-specific extraction retained; no new full-text retrieval,"Retained source-specific coding after review of the supplied extraction notes; not a new full-text retrieval. Uses ABIDE brain time series with an LSTM-attention architecture; evaluation uses an internal subject split and cross-validation, with no separate external test set. ABIDE is multisite, but the recovered evaluation is not site-held-out. Architectural attention was not counted as XAI without explicit explanation analysis."
Research only,Research characterization,Not observed in assessed sources,Not observed in assessed sources,Prior source-specific extraction retained; no new full-text retrieval,"Retained source-specific coding after review of the supplied extraction notes; not a new full-text retrieval. Analyzes ncDNMs from SSC and MSSNG using a cell-specific variant-effect model and MPRA follow-up, prioritizing ASD-risk regulatory mutations. This is mechanistic genomic research rather than a clinical-stage decision tool. Multiple cohorts/assays were not coded as formal multisource model fusion or cross-site validation."
Research only,Triage/questionnaire assessment,Not observed in assessed sources,Not observed in assessed sources,Prior source-specific extraction retained; no new full-text retrieval,"Retained source-specific coding after review of the supplied extraction notes; not a new full-text retrieval. Proposes MEResNeXt with feature selection for ASD detection on a structured toddler screening dataset and reports high classification performance. No independent external cohort, prospective workflow, cross-site test or formal XAI was identified in the recovered article text.
All-neural/optimization pipeline in recovered evidence; hybrid title is not sufficient for mixed conventional-ML/DL classification."
Research only,Automated measurement/classification,Not observed in assessed sources,Not observed in assessed sources,Prior source-specific extraction retained; no new full-text retrieval,"Retained source-specific coding after review of the supplied extraction notes; not a new full-text retrieval. FaithfulNet classifies ABIDE-II sMRI and Faith_CAM combines Grad-CAM with SHAP for explanation/region localization; very high internal performance is reported. ABIDE-II is multisite, but no site-held-out or independent external validation was identified. Very high performance warrants leakage/partition review during human verification."
Proposed only,Triage/questionnaire assessment,Pre-decision,Not observed in assessed sources,Prior source-specific extraction retained; no new full-text retrieval,Retained source-specific coding after review of the supplied extraction notes; not a new full-text retrieval. CARE evaluates AutoML/CatBoost on a pediatric ASD-traits dataset and uses SHAP for explicit feature-level explanation. Retrospective/public structured-data modeling only; no independent external cohort or prospective pediatric workflow evaluation was demonstrated.
Research only,Automated measurement/classification,Not observed in assessed sources,Not observed in assessed sources,Prior source-specific extraction retained; no new full-text retrieval,"Retained source-specific coding after review of the supplied extraction notes; not a new full-text retrieval. ASD-HybridNet fuses ROI time-series and functional-connectivity representations from ABIDE-I; reported accuracy is about 71.87%. The fused inputs are representations of the same rs-fMRI source, so q3_multisource_data remains 0. ABIDE-I is multisite but no site-held-out test was identified."
Proposed only,Triage/questionnaire assessment,Pre-decision,Not observed in assessed sources,Prior source-specific extraction retained; no new full-text retrieval,"Retained source-specific coding after review of the supplied extraction notes; not a new full-text retrieval. Combines deep CNN architectures for child facial ASD detection and emotion recognition on public image datasets; ASD accuracy is reported near 95%. No external clinical cohort, prospective workflow or formal XAI was identified; explainability/multimodal extensions are presented as future directions."
Research only,Automated measurement/classification,Not observed in assessed sources,Not observed in assessed sources,Prior source-specific extraction retained; no new full-text retrieval,"Retained source-specific coding after review of the supplied extraction notes; not a new full-text retrieval. Uses examiner-worn POV glasses with 29 ASD and 27 non-ASD children aged 17-36 months; CV features feed AdaBoost/decision trees, with reported AUC about 0.95. Prospective participant data were collected, but the model was not validated in an independent site/cohort or used to determine real clinical decisions during care.
Learned OpenFace/MediaPipe vision pipeline combined with conventional AdaBoost/tree classifier."
Research only,Risk/trajectory estimation,Not observed in assessed sources,Not observed in assessed sources,Prior source-specific extraction retained; no new full-text retrieval,"Retained source-specific coding after review of the supplied extraction notes; not a new full-text retrieval. TACERN is a prospective longitudinal multisite study; DTI plus behavioral features from 93 children predict 36-month ASD diagnosis, with regularized logistic regression AUC about 0.808-0.831. Although the cohort is multisite and prospective, the recovered evaluation uses repeated train-test procedures rather than an explicit site-held-out or independent external validation cohort."
Research only,Automated measurement/classification,Not observed in assessed sources,Not observed in assessed sources,Prior source-specific extraction retained; no new full-text retrieval,"Retained source-specific coding after review of the supplied extraction notes; not a new full-text retrieval. EMLF-Net fuses time- and frequency-domain EEG features; KAU results are 99.20% subject-dependent and 92.09% subject-independent; topographic analysis shows channel importance. Single small public dataset (12 ASD, 5 TD). Topographic/channel-importance visualization was coded as partial interpretability, not formal XAI."
Research only,Automated measurement/classification,Not observed in assessed sources,Not observed in assessed sources,Prior source-specific extraction retained; no new full-text retrieval,"Retained source-specific coding after review of the supplied extraction notes; not a new full-text retrieval. Systematically evaluates spatial and intensity augmentation on structural MRI with ResNet34; combined augmentation improves reported AUC to 0.7433. ABIDE data are multisite, but no site-held-out cross-site evaluation was identified. The study evaluates augmentation robustness, not external clinical generalization."
Evaluated AI-supported intervention,Assistive support,Post-decision,Post-decision,Prior source-specific extraction retained; no new full-text retrieval,"Retained source-specific coding after review of the supplied extraction notes; not a new full-text retrieval. CARES is a human-centered AI trip planner tested with 14 autistic adults, designed to reduce information overload while preserving user decision autonomy. The paper demonstrates an assistive user-facing intervention, not a clinical diagnostic workflow. The exact algorithm family does not map cleanly to ML/DL and is therefore left Not specified.
Assistive travel-planning user evaluation, not clinical treatment efficacy."
Proposed only,Triage/questionnaire assessment,Pre-decision,Not observed in assessed sources,Prior source-specific extraction retained; no new full-text retrieval,"Retained source-specific coding after review of the supplied extraction notes; not a new full-text retrieval. Combines handwriting and behavioral questionnaire data with a Mamba-enabled multimodal architecture; reported screening accuracy is 95%. Evaluation is experimental and the article itself describes uncertain/limited datasets; no independent external cohort, prospective deployment, site-held-out robustness, or formal XAI was identified.
All-neural/optimization pipeline in recovered evidence; hybrid title is not sufficient for mixed conventional-ML/DL classification."
Research only,Risk/trajectory estimation,Not observed in assessed sources,Not observed in assessed sources,Prior source-specific extraction retained; no new full-text retrieval,Retained source-specific coding after review of the supplied extraction notes; not a new full-text retrieval. Baseline ADI-R features were used to distinguish tDCS responders; SHAP linked lower verbal communication severity to greater RRB reduction and a model-derived threshold of 19.6 was reported. Exploratory analysis from a registered intervention protocol. The article explicitly calls for replication in larger independent cohorts; the exact base learner was not recoverable from the indexed text.
Research only,Automated measurement/classification,Not observed in assessed sources,Not observed in assessed sources,Prior source-specific extraction retained; no new full-text retrieval,"Retained source-specific coding after review of the supplied extraction notes; not a new full-text retrieval. Uses Acerta-ABIDE brain MRI with Wiener filtering, ROI extraction, fractional hiking optimization and Dense WideResNet; reported accuracy is about 91%. ABIDE is multisite, but no explicit site-held-out or independent external validation design was identified; no prospective clinical evaluation or formal XAI was reported.
All-neural/optimization pipeline in recovered evidence; hybrid title is not sufficient for mixed conventional-ML/DL classification."
Proposed only,Assistive support,Post-decision,Not observed in assessed sources,Prior source-specific extraction retained; no new full-text retrieval,"Retained source-specific coding after review of the supplied extraction notes; not a new full-text retrieval. Twelve neurotypical children and four autistic children completed imitation and semispontaneous emotion tasks using DeepFace with individualized calibration; provisional accuracy and user experience were reported. Very small ASD subgroup and no active AAC users. The study is preliminary; multimodal inputs, broader populations and real-world AAC deployment remain future work.
Small emotion-task feasibility study, no active AAC users; not an integrated AAC clinical evaluation."
Research only,Risk/trajectory estimation,Not observed in assessed sources,Not observed in assessed sources,Prior source-specific extraction retained; no new full-text retrieval,"Retained source-specific coding after review of the supplied extraction notes; not a new full-text retrieval. CT/MRI morphometry and a binary tree classifier identified tentorium angle as a potential predictor of postsurgical ASD symptom improvement in children with Chiari I malformation. Narrow comorbid pediatric population and retrospective/small-cohort design limit generalizability. The tree/cutoff is interpretable, but no external or prospective validation was identified.
CT and MRI morphometry"
Research only,Automated measurement/classification,Not observed in assessed sources,Not observed in assessed sources,Prior source-specific extraction retained; no new full-text retrieval,"Retained source-specific coding after review of the supplied extraction notes; not a new full-text retrieval. Combines MResNet feature extraction, adaptive cascaded-attention LSTM with Bayesian learning and metaheuristic optimization on ABIDE brain images. Public multisite dataset use does not establish independent external or site-held-out validation. Attention is architectural and was not counted as formal XAI.
All-neural/optimization pipeline in recovered evidence; hybrid title is not sufficient for mixed conventional-ML/DL classification."
Research only,Automated measurement/classification,Not observed in assessed sources,Not observed in assessed sources,Prior source-specific extraction retained; no new full-text retrieval,"Retained source-specific coding after review of the supplied extraction notes; not a new full-text retrieval. ADBrainNet uses rs-fMRI from ABIDE and ADHD-200 and reports an independent external testing set; LIME was used to identify influential features. The abstract describes the external test together with five-fold cross-validation, so the exact independence of the external evaluation should be checked manually. No explicit site-held-out robustness analysis was identified.
External-test claim and five-fold CV are not sufficiently disambiguated in recovered evidence."
Research only,Automated measurement/classification,Not observed in assessed sources,Not observed in assessed sources,Prior source-specific extraction retained; no new full-text retrieval,"Retained source-specific coding after review of the supplied extraction notes; not a new full-text retrieval. A stacked Random Forest ensemble integrates spectral/connectivity/complexity features with microstate and HMM dynamics, reaching 96.3% accuracy under GroupKFold validation. Validation is internal GroupKFold; no independent external cohort, multisite/site-held-out robustness, prospective evaluation, or formal XAI was identified."
Research only,Automated measurement/classification,Not observed in assessed sources,Not observed in assessed sources,Prior source-specific extraction retained; no new full-text retrieval,"Retained source-specific coding after review of the supplied extraction notes; not a new full-text retrieval. TF-HDC classifies resting-state EEG from 120 age-matched male participants (60 ASD, 60 TD) and reports about 90.9% accuracy while benchmarking conventional ML/DL models. Small single-cohort evaluation with no independent external dataset, site-held-out test, prospective clinical workflow, or formal XAI identified."
Research only,Triage/questionnaire assessment,Not observed in assessed sources,Not observed in assessed sources,Prior source-specific extraction retained; no new full-text retrieval,"Retained source-specific coding after review of the supplied extraction notes; not a new full-text retrieval. Transcriptomic profiling (150 ASD/70 TD) and clinical data (200 ASD/110 TD) were analyzed with clustering, integrative modeling and clinical ML; a 17-transcript panel showed discriminative performance. Screening performance is explicitly within-cohort and no external/site-held-out validation was reported in the accessible text. Molecular clusters only partially corresponded to clinical phenotype."
Proposed only,Triage/questionnaire assessment,Pre-decision,Not observed in assessed sources,Prior source-specific extraction retained; no new full-text retrieval,"Retained source-specific coding after review of the supplied extraction notes; not a new full-text retrieval. The hybrid pipeline was tested on AID, structured ASD screening data and ABIDE and reports very high performance (accuracy 99.95%). The accessible report does not establish a fixed development-versus-independent-external design or cross-site evaluation. Heterogeneous public datasets are evaluated, but explicit multisource fusion is not demonstrated.
Multiple datasets are described but the recovered evidence does not establish a single primary source or participant-linked multisource fusion."
Research only,Automated measurement/classification,Not observed in assessed sources,Not observed in assessed sources,Prior source-specific extraction retained; no new full-text retrieval,Retained source-specific coding after review of the supplied extraction notes; not a new full-text retrieval. ANFIS-EffNet combines fuzzy inference and EfficientNet with optimization-based pivotal-region extraction; reported accuracy is about 93.2% on ABIDE-related imaging. ABIDE-I/II use was treated as multisite evidence only; no explicit train-on-one/test-on-another or site-held-out robustness design was identified. Pivotal-region extraction was not counted as formal XAI.
Research only,Automated measurement/classification,Not observed in assessed sources,Not observed in assessed sources,Prior source-specific extraction retained; no new full-text retrieval,"Retained source-specific coding after review of the supplied extraction notes; not a new full-text retrieval. Five fractal-dimension measures from 16 EEG channels feed several classifiers; BO-ANN reached 97.38% accuracy and XGBoost feature importance identified influential channels/features. Small sample (29 ASD, 30 TD) and no independent external/site-held-out validation. Feature importance supports XAI coding but does not establish clinical interpretability or utility."
Research only,Automated measurement/classification,Not observed in assessed sources,Not observed in assessed sources,Prior source-specific extraction retained; no new full-text retrieval,Retained source-specific coding after review of the supplied extraction notes; not a new full-text retrieval. Integrated Gradients token attributions from HerBERT are mapped to syntactic and psycholinguistic variables and linked to feature importance and selected clinical tests. The indexed text does not expose the full sampling/validation design or evidence of independent external testing; data are restricted and available on request.
Proposed only,Triage/questionnaire assessment,Pre-decision,Not observed in assessed sources,Prior source-specific extraction retained; no new full-text retrieval,Retained source-specific coding after review of the supplied extraction notes; not a new full-text retrieval. ET-ASDNet analyzes eye-movement trajectories and reports 85.19% and 72.67% accuracy on two public datasets. Use of two public datasets does not by itself establish external validation unless a fixed development/external design is shown. Attention/fusion modules were not counted as formal XAI.
Research only,Automated measurement/classification,Not observed in assessed sources,Not observed in assessed sources,Prior source-specific extraction retained; no new full-text retrieval,"Retained source-specific coding after review of the supplied extraction notes; not a new full-text retrieval. Videos from 46 autistic and 36 neurotypical participants were used to train an automatic gaze detector; granular gaze features correlated with ADOS-2 Social Affect and classified ASD vs NT at 73%. Cross-validation is internal and no independent cohort/site test was reported. Human-defined gaze features are interpretable, but no formal post-hoc XAI method was used."
Proposed only,Triage/questionnaire assessment,Pre-decision,Not observed in assessed sources,Prior source-specific extraction retained; no new full-text retrieval,"Retained source-specific coding after review of the supplied extraction notes; not a new full-text retrieval. GazeScan converts gaze trajectories into grayscale scanpath images and uses a lightweight CNN; five-fold CV on ETSP reports 97.01% accuracy and AUC 0.98. Public single-dataset internal cross-validation only; no independent external cohort, multisite robustness, prospective clinical evaluation, or formal XAI identified."
Research only,Automated measurement/classification,Not observed in assessed sources,Not observed in assessed sources,Prior source-specific extraction retained; no new full-text retrieval,"Retained source-specific coding after review of the supplied extraction notes; not a new full-text retrieval. DWT features from 15 EEG electrodes were benchmarked across 21 models; Logistic Regression performed best at 88.57% accuracy, and explainability identified delta/theta power as key features. Preliminary small-cohort study with internal validation; the authors explicitly state that larger independent cohorts are needed."
Proposed only,Triage/questionnaire assessment,Pre-decision,Not observed in assessed sources,Prior source-specific extraction retained; no new full-text retrieval,"Retained source-specific coding after review of the supplied extraction notes; not a new full-text retrieval. DHCA-Net was tested on 2,936 facial images using train/test/validation splits and achieved 93.7% accuracy, F1 0.9365 and AUC 0.9887. Despite the word explainable in the title, the accessible report describes attention mechanisms but no explicit explanation method/output satisfying strict XAI criteria. Broader demographic generalization remains future work."
Proposed only,Automated measurement/classification,In-decision,Not observed in assessed sources,Prior source-specific extraction retained; no new full-text retrieval,"Retained source-specific coding after review of the supplied extraction notes; not a new full-text retrieval. MTT uses resting-state infant EEG baseline power, SMOTE, transfer learning and feature/self/cross-attention; reported accuracy is 0.91 and AUC 0.97. No independent external/site-held-out evaluation is identified. Interpretability is attention-based only, so it was coded as partial rather than strict XAI."
Proposed only,Automated measurement/classification,In-decision,Not observed in assessed sources,Prior source-specific extraction retained; no new full-text retrieval,"Retained source-specific coding after review of the supplied extraction notes; not a new full-text retrieval. Uses two facial-image datasets, AMGF preprocessing, GAN augmentation, DMM-AND feature extraction and an optimized convolutional multi-scale vision transformer; reported accuracies are 97.96% and 98.04%. Evaluation on two datasets is not documented as an independent external-validation design or site-held-out test in the accessible material; very high performance warrants independent replication.
All-neural/optimization pipeline in recovered evidence; hybrid title is not sufficient for mixed conventional-ML/DL classification."
Proposed only,Triage/questionnaire assessment,Pre-decision,Not observed in assessed sources,Prior source-specific extraction retained; no new full-text retrieval,"Retained source-specific coding after review of the supplied extraction notes; not a new full-text retrieval. Baseline infant EEG power features were analyzed with DT, RF and SVM; SVM reached AUC 0.93 and SHAP was used to explain the best-performing model. The accessible record does not establish an independent external cohort, multisite evaluation or prospective clinical deployment."
Proposed only,Automated measurement/classification,In-decision,Not observed in assessed sources,Prior source-specific extraction retained; no new full-text retrieval,"Retained source-specific coding after review of the supplied extraction notes; not a new full-text retrieval. Combines EEG and fMRI after modality-specific preprocessing and feature extraction, followed by DFGAO feature selection and LRSF-DLNN classification; reported accuracy is 98.8%. No independent external validation, site-held-out robustness or explicit XAI method is established in the accessible material.
All-neural/optimization pipeline in recovered evidence; hybrid title is not sufficient for mixed conventional-ML/DL classification."
Research only,Automated measurement/classification,Not observed in assessed sources,Not observed in assessed sources,Prior source-specific extraction retained; no new full-text retrieval,Retained source-specific coding after review of the supplied extraction notes; not a new full-text retrieval. EEG recorded during naturalistic cartoon viewing was linked to semantic representations derived from pretrained language models; the study reports ASD/TD discrimination and a validation analysis. The accessible description does not establish that the reported validation analysis used an independent external cohort; semantic annotations are stimulus descriptors rather than a second human data modality.
Proposed only,Automated measurement/classification,In-decision,Not observed in assessed sources,Prior source-specific extraction retained; no new full-text retrieval,"Retained source-specific coding after review of the supplied extraction notes; not a new full-text retrieval. Integrates MRI-derived features with phenotypic variables, applies feature selection/optimization and DRNet classification; reported accuracy is 92.77%. No independent external validation, prospective evaluation or explicit site-held-out robustness is established in the accessible record.
All-neural/optimization pipeline in recovered evidence; hybrid title is not sufficient for mixed conventional-ML/DL classification."
Research only,Risk/trajectory estimation,Not observed in assessed sources,Not observed in assessed sources,Prior source-specific extraction retained; no new full-text retrieval,"Retained source-specific coding after review of the supplied extraction notes; not a new full-text retrieval. In a prospective infant-sibling cohort, vocalizations at 9-18 months were parameterized into thousands of acoustic features, reduced with LASSO, and classified with SVM against ASD outcome confirmed at 36 months. The cohort is relatively small and the accessible record does not establish independent external validation; LASSO-based feature reduction is treated as partial interpretability rather than strict XAI."
Research only,Research characterization,Not observed in assessed sources,Not observed in assessed sources,Prior source-specific extraction retained; no new full-text retrieval,"Retained source-specific coding after review of the supplied extraction notes; not a new full-text retrieval. The publisher article contains participant recruitment, data collection, Methods and Results. It integrates QEEG, Finger Tapping, Hand-Eye Coordination, Visual Memory and AQ-10 variables; logistic regression was the best model and RF Gini plots were used for feature interpretation. PubMed labels the record as Review, but the publisher full article is clearly an original empirical study with recruited participants and primary data collection. The metadata conflict should be checked independently; stage is left Not specified because the AI endpoint is fine-motor deficit rather than a unique ASD screening/diagnostic stage."
Proposed only,Automated measurement/classification,In-decision,Not observed in assessed sources,Prior source-specific extraction retained; no new full-text retrieval,"Retained source-specific coding after review of the supplied extraction notes; not a new full-text retrieval. Uses an ensemble CNN feature extractor, optimized weighted feature fusion and ARLSTM classification for MRI-based ASD diagnosis. Attention/recurrent architecture alone is not coded as XAI; no independent external, prospective or site-held-out evaluation is established in the accessible material.
All-neural/optimization pipeline in recovered evidence; hybrid title is not sufficient for mixed conventional-ML/DL classification."
Proposed only,Triage/questionnaire assessment,Pre-decision,Not observed in assessed sources,Prior source-specific extraction retained; no new full-text retrieval,"Retained source-specific coding after review of the supplied extraction notes; not a new full-text retrieval. Uses a public toddler-autism behavioral dataset with SMOTE and a 1D-CNN; evaluation is based on train/test splitting and internal cross-validation. Internal validation does not constitute external validation; no prospective workflow, multisite robustness or explicit XAI is reported."
Proposed only,Triage/questionnaire assessment,Pre-decision,Not observed in assessed sources,Prior source-specific extraction retained; no new full-text retrieval,Retained source-specific coding after review of the supplied extraction notes; not a new full-text retrieval. Applies VGG16 to a Kaggle facial-image dataset of autistic and non-autistic children and reports 98.1% classification accuracy. Single public image dataset and no independent external/prospective evaluation are established; performance may be sensitive to dataset leakage or source bias.
Research only,Risk/trajectory estimation,Not observed in assessed sources,Not observed in assessed sources,Prior source-specific extraction retained; no new full-text retrieval,"Retained source-specific coding after review of the supplied extraction notes; not a new full-text retrieval. Analyzes a Bangladesh dataset collected across multiple geographic locations; compares eight classifiers after feature selection, with decision tree reported as best, and identifies interpretable sociodemographic/perinatal predictors. The reported test/CV is internal and geographic sources are pooled rather than site-held-out; regional sampling limits generalizability."
Research only,Risk/trajectory estimation,Not observed in assessed sources,Not observed in assessed sources,Prior source-specific extraction retained; no new full-text retrieval,"National Survey of Children Health contains reported chronic/genetic conditions; these are survey variables, not measured genomic input."
Research only,Risk/trajectory estimation,Not observed in assessed sources,Not observed in assessed sources,Prior source-specific extraction retained; no new full-text retrieval,"Retained source-specific coding after review of the supplied extraction notes; not a new full-text retrieval. Analyzes 63,866 children from the 2022-2023 NSCH using sleep routines, demographics and comorbidities with regression/ML to identify ASD-associated risk profiles and high-risk subgroups. Cross-sectional survey prediction does not establish prospective or external validation; interpretable risk profiles are coded as partial rather than strict XAI."
Research only,Triage/questionnaire assessment,Not observed in assessed sources,Not observed in assessed sources,Prior source-specific extraction retained; no new full-text retrieval,"Retained source-specific coding after review of the supplied extraction notes; not a new full-text retrieval. Uses RNA-seq gene-expression data from NCBI GEO, compares RF and XGBoost with fivefold CV, and ranks a compact set of candidate transcriptomic biomarkers. Small dataset and internal CV only; ranked biomarkers are treated as partial interpretability, not strict XAI or external validation."
Research only,Automated measurement/classification,Not observed in assessed sources,Not observed in assessed sources,Prior source-specific extraction retained; no new full-text retrieval,"Retained source-specific coding after review of the supplied extraction notes; not a new full-text retrieval. Matched ASD and non-ASD participants from the NCH Sleep Databank, compared ML models on REM-sleep features, and used SHAP to identify discriminative predictors. Single databank analysis without independent external or prospective validation; SHAP supports strict XAI coding."
Research only,Automated measurement/classification,Not observed in assessed sources,Not observed in assessed sources,Prior source-specific extraction retained; no new full-text retrieval,"Retained source-specific coding after review of the supplied extraction notes; not a new full-text retrieval. HYMA combines axis-specific YOLO experts, attention and expert fusion; the publisher explicitly reports subject-wise and cross-site evaluations on ABIDE I/II and interprets attention maps over clinically relevant brain regions. The 99.3% accuracy is unusually high for ABIDE and merits independent replication. Cross-site robustness is counted because the paper explicitly reports cross-site evaluation, but external validation is kept at 0 because the exact independent train/external-test relationship is not unambiguously established.
All-neural/optimization pipeline in recovered evidence; hybrid title is not sufficient for mixed conventional-ML/DL classification."
Proposed only,Triage/questionnaire assessment,Pre-decision,Not observed in assessed sources,Prior source-specific extraction retained; no new full-text retrieval,Retained source-specific coding after review of the supplied extraction notes; not a new full-text retrieval. Compares conventional classifiers and a DNN on pupillary-light-reflex features from ASD and typically developing children; the DNN gives the strongest test performance. Small sample and no independent external/prospective validation or explicit explainability analysis.
Research only,Automated measurement/classification,Not observed in assessed sources,Not observed in assessed sources,Prior source-specific extraction retained; no new full-text retrieval,"Retained source-specific coding after review of the supplied extraction notes; not a new full-text retrieval. Uses raw EEG recorded from ASD and TD children during upright/inverted face-processing tasks and evaluates lightweight one-dimensional CNN architectures for classification. Accessible material does not establish prospective enrollment, independent external validation, site-held-out robustness or formal XAI."
Evaluated AI-supported intervention,Adaptive intervention,Post-decision,Post-decision,Prior source-specific extraction retained; no new full-text retrieval,"Retained source-specific coding after review of the supplied extraction notes; not a new full-text retrieval. A multiple-probe/alternating-treatment intervention compares conversational-AI-enhanced peer mediation with peer-mediated instruction alone and reports gains in initiations, responses, lexical diversity and generalization. The underlying conversational model is not technically specified in the accessible material; the small single-case design limits generalizability despite real intervention deployment."
Research only,Research characterization,Not observed in assessed sources,Not observed in assessed sources,Prior source-specific extraction retained; no new full-text retrieval,"Retained source-specific coding after review of the supplied extraction notes; not a new full-text retrieval. Uses POND Network data to derive sensory phenotypes from Short Sensory Profile scores and classify phenotype pairs using graph-theoretical rs-fMRI features and linear SVC. POND is multisite, but no site-held-out generalization analysis is reported. SSP is used to define labels rather than fused as a second model-input modality, so multisource integration is not counted."
Proposed only,Triage/questionnaire assessment,Pre-decision,Not observed in assessed sources,Prior source-specific extraction retained; no new full-text retrieval,"Retained source-specific coding after review of the supplied extraction notes; not a new full-text retrieval. Benchmarks bagging, boosting and stacking on eye-tracking scanpaths; stacking reaches about 0.96 accuracy and the article explicitly argues that raw scanpath representation improves interpretability. Very small benchmark sample and internal fivefold CV; the interpretability claim lacks a formal attribution method and is therefore coded only as partial XAI."
Research only,Automated measurement/classification,Not observed in assessed sources,Not observed in assessed sources,Prior source-specific extraction retained; no new full-text retrieval,"Retained source-specific coding after review of the supplied extraction notes; not a new full-text retrieval. Serum proteomics in ASD and age-matched controls yielded an immune-related protein panel modeled with logistic regression; the biomarker panel is also checked using an orthogonal ELISA assay. Accessible material does not establish that ELISA validation used an independent cohort, so external validation is not counted. The compact biomarker panel supports partial interpretability."
Research only,Automated measurement/classification,Not observed in assessed sources,Not observed in assessed sources,Prior source-specific extraction retained; no new full-text retrieval,"Retained source-specific coding after review of the supplied extraction notes; not a new full-text retrieval. Combines structural and functional MRI from ABIDE I and II with conventional classifiers, stacking and modified VGG-19 features; performance is reported separately for both datasets. ABIDE is multisite and the model is multimodal, but the accessible description does not establish site-held-out robustness or a strict independent external-validation design.
Structural and functional MRI combined"
Proposed only,Automated measurement/classification,In-decision,Not observed in assessed sources,Prior source-specific extraction retained; no new full-text retrieval,"Retained source-specific coding after review of the supplied extraction notes; not a new full-text retrieval. EEG is denoised and transformed with DT-DWT, features are selected with Parrot Optimization, and HyperCrossNet with Pied Kingfisher Optimization is used for ASD classification; the abstract reports 99.92% accuracy. Public benchmark evaluation with extremely high performance; no independent external cohort, site-held-out analysis, prospective evaluation, or formal XAI was established in the accessible evidence."
Research only,Automated measurement/classification,Not observed in assessed sources,Not observed in assessed sources,Prior source-specific extraction retained; no new full-text retrieval,"Retained source-specific coding after review of the supplied extraction notes; not a new full-text retrieval. Resting-state fNIRS from 22 TD and 25 ASD children was represented with HbO/Hb node and edge features and classified using EWE-GAT; reported accuracy was 97.92%. Very small single cohort; no independent external validation, prospective workflow evaluation, or explicit site-robustness analysis was established."
Research only,Automated measurement/classification,Not observed in assessed sources,Not observed in assessed sources,Prior source-specific extraction retained; no new full-text retrieval,"Retained source-specific coding after review of the supplied extraction notes; not a new full-text retrieval. Whole-brain structural-MRI radiomics and VIQ were modeled in 223 ABIDE participants, with an independent external set of 87 participants from Georgetown and Miami; the decision-tree joint model achieved AUCs 0.87/0.84/0.83 in training/test/external sets. External validation is present, but the accessible report does not describe an explicit leave-site-out robustness design. The radiomics signature and VIQ provide feature-level interpretability rather than a formal post-hoc XAI method.
Independent external sample from Georgetown and Miami supports cross-site testing; LOSO is not the only valid cross-site design."
Research only,Triage/questionnaire assessment,Not observed in assessed sources,Not observed in assessed sources,Prior source-specific extraction retained; no new full-text retrieval,"Retained source-specific coding after review of the supplied extraction notes; not a new full-text retrieval. A dual-branch TF-TBN combines raw ABR waveforms and CWT spectrograms from 1,209 recordings; reported accuracy was 96.62%, and interpretability analysis linked decisions to wave III/V and interpeak latency abnormalities. No independent external cohort, site-held-out evaluation, or prospective clinical deployment was identified in the accessible material.
All-neural/optimization pipeline in recovered evidence; hybrid title is not sufficient for mixed conventional-ML/DL classification."
Proposed only,Triage/questionnaire assessment,Pre-decision,Not observed in assessed sources,Prior source-specific extraction retained; no new full-text retrieval,"Retained source-specific coding after review of the supplied extraction notes; not a new full-text retrieval. MUXAI-ASDBD combines CNN-based modeling, partition-oriented explainability and machine unlearning across screening, MRI and EEG benchmark datasets; the paper reports strong classification performance. Benchmark-based evaluation across heterogeneous tasks/datasets does not establish prospective clinical deployment or an independent external/site-held-out validation protocol.
Multiple datasets are described but the recovered evidence does not establish a single primary source or participant-linked multisource fusion."
Research only,Automated measurement/classification,Not observed in assessed sources,Not observed in assessed sources,Prior source-specific extraction retained; no new full-text retrieval,"Retained source-specific coding after review of the supplied extraction notes; not a new full-text retrieval. T1 structural MRI from ABIDE was analyzed using complex-network analysis and Vision Transformer features across multiple federated combinations; the CNA(KNN)-ViT(NN) configuration reported accuracy 0.951 and AUC 0.98. ABIDE is multisite, but the reported evaluation is internal five-fold validation rather than an explicit site-held-out or independent external robustness test."
Research only,Automated measurement/classification,Not observed in assessed sources,Not observed in assessed sources,Prior source-specific extraction retained; no new full-text retrieval,"Retained source-specific coding after review of the supplied extraction notes; not a new full-text retrieval. The study applies dominant cross-frequency EEG analysis, FRHIS/CRBM-based feature processing and a DSTCNN classifier for pediatric ASD; the abstract reports 99.03% accuracy. The very high reported performance is not accompanied by an independent external cohort, prospective evaluation, or explicit cross-site robustness analysis in the accessible source.
All-neural/optimization pipeline in recovered evidence; hybrid title is not sufficient for mixed conventional-ML/DL classification."
Research only,Automated measurement/classification,Not observed in assessed sources,Not observed in assessed sources,Prior source-specific extraction retained; no new full-text retrieval,"Retained source-specific coding after review of the supplied extraction notes; not a new full-text retrieval. CoNA-Net combines contrastive graph representation learning, diffusion-based augmentation and brain-node attention to address domain shift across ABIDE sites and to identify influential brain regions. Cross-site/domain-adaptation testing supports robustness but is not equivalent to an independent prospective external clinical validation cohort.
All-neural/optimization pipeline in recovered evidence; hybrid title is not sufficient for mixed conventional-ML/DL classification."
Proposed only,Triage/questionnaire assessment,Pre-decision,Not observed in assessed sources,Prior source-specific extraction retained; no new full-text retrieval,"Retained source-specific coding after review of the supplied extraction notes; not a new full-text retrieval. The study combines HOG descriptors with ResNet50V2 transfer learning for ASD classification from facial images. The accessible material does not establish independent external validation, prospective deployment, cross-site robustness, or an explicit XAI method.
HOG is a hand-crafted descriptor, not a learned conventional ML classifier; classifier is ResNet50V2."
Proposed only,Triage/questionnaire assessment,Pre-decision,Not observed in assessed sources,Prior source-specific extraction retained; no new full-text retrieval,"Retained source-specific coding after review of the supplied extraction notes; not a new full-text retrieval. The full text describes experiments on the Reddit Mental Health Dataset and ASD Screening Dataset, including stratified 70/15/15 train/validation/test splits and reported performance near 99%. Material reporting contradiction: the Methods/Results explicitly analyze two datasets, while the Data Availability statement says no datasets were generated or analysed. Inclusion is retained provisionally, but this requires high-priority human verification before final synthesis.
The full text describes experiments on the Reddit Mental Health Dataset and ASD Screening Dataset, including stratified 70/15/15 train/validation/test splits and reported performance near 99%. Material reporting contradiction: the Methods/Results explicitly analyze two datasets, while the Data Availability statement says no datasets were generated or analysed. Inclusion is retained provisionally, but this requires high-priority human verification before final synthesis.
Material reporting/source-lineage inconsistency preserved; excluded in conservative sensitivity analysis."
Proposed only,Triage/questionnaire assessment,Pre-decision,Not observed in assessed sources,Prior source-specific extraction retained; no new full-text retrieval,"Retained source-specific coding after review of the supplied extraction notes; not a new full-text retrieval. A hybrid ResNet-152-CBAM/ViT-Large model with bidirectional cross-attention, weighted ensemble and test-time augmentation is evaluated on 2,940 public facial images; Grad-CAM highlights periocular regions and the ensemble reports 92% accuracy. The article reports a fixed 86.4%/3.4%/10.2% train/validation/test partition while the abstract also reports mean±SD across 5-fold cross-validation, creating an evaluation-protocol inconsistency that should be reconciled manually. No independent external dataset was used.
A hybrid ResNet-152-CBAM/ViT-Large model with bidirectional cross-attention, weighted ensemble and test-time augmentation is evaluated on 2,940 public facial images; Grad-CAM highlights periocular regions and the ensemble reports 92% accuracy. The article reports a fixed 86.4%/3.4%/10.2% train/validation/test partition while the abstract also reports mean±SD across 5-fold cross-validation, creating an evaluation-protocol inconsistency that should be reconciled manually. No independent external dataset was used.
Material reporting/source-lineage inconsistency preserved; excluded in conservative sensitivity analysis.
All-neural/optimization pipeline in recovered evidence; hybrid title is not sufficient for mixed conventional-ML/DL classification."
Proposed only,Triage/questionnaire assessment,Pre-decision,Not observed in assessed sources,Prior source-specific extraction retained; no new full-text retrieval,"Retained source-specific coding after review of the supplied extraction notes; not a new full-text retrieval. Springer identifies this as a full conference paper in peer-reviewed MIND 2024 proceedings. The study proposes a hybrid CNN-GAT on publicly accessible MRI data and reports 88% ASD versus non-ASD classification accuracy. GAT attention is used to identify critical brain regions/connections. No independent external cohort, prospective clinical evaluation, or explicit cross-site robustness was established from the accessible evidence."
Proposed only,Triage/questionnaire assessment,Pre-decision,Not observed in assessed sources,Prior source-specific extraction retained; no new full-text retrieval,"Retained source-specific coding after review of the supplied extraction notes; not a new full-text retrieval. MACFUT fuses facial-image features with landmark geometry, is trained on AFID with 10-fold CV, and is tested on an independent Bangladesh dataset (BACFED), reporting 86.51% external accuracy/AUC 94.78%; attention maps and facial anthropometry support interpretation. External cross-dataset testing strengthens generalization evidence, but the system is not prospectively deployed and image-source/demographic biases remain possible. Landmarks are derived from the same image source, so this was not counted as multisource data.
AFID development followed by BACFED independent Bangladesh image dataset test."
Research only,Risk/trajectory estimation,Not observed in assessed sources,Not observed in assessed sources,Prior source-specific extraction retained; no new full-text retrieval,"Retained source-specific coding after review of the supplied extraction notes; not a new full-text retrieval. Within the BASELINE birth cohort, cord-blood proteomics/metabolomics from children later diagnosed with autism were analyzed and followed with childhood serum profiling; ML prediction models reported AUROC 0.82-0.85. The omics case numbers are small (22 future ASD cases in cord blood; 24 in follow-up), and the accessible report does not identify an independent external validation cohort or the specific ML family. Longitudinal collection supports prospective-evidence coding, not prospective clinical deployment.
Proteomics and metabolomics combined"
Research only,Automated measurement/classification,Not observed in assessed sources,Not observed in assessed sources,Prior source-specific extraction retained; no new full-text retrieval,"Retained source-specific coding after review of the supplied extraction notes; not a new full-text retrieval. 3T-DINet combines dilated inception, ResNet components and optimization and is evaluated across five ASD rs-fMRI datasets. Use of multiple ASD datasets was coded as multisite/multidataset evidence, but the accessible report does not establish an explicit leave-site-out or independent prospective external-validation design."
Research only,Automated measurement/classification,Not observed in assessed sources,Not observed in assessed sources,Prior source-specific extraction retained; no new full-text retrieval,"Retained source-specific coding after review of the supplied extraction notes; not a new full-text retrieval. In 92 preschool children with ASD and 52 TD controls, NBS-Predict identified a 42-connection structural subnetwork; an LDA classifier reported 79.4% ASD/TD accuracy and the network also showed a modest association with pragmatic-language ability. Single-center/cross-sectional evidence with no independent external validation. Diagnosis is used as the primary stage because the qualifying ASD/TD classifier is explicit; the paper also emphasizes pragmatic-language characterization."
Research only,Automated measurement/classification,Not observed in assessed sources,Not observed in assessed sources,Prior source-specific extraction retained; no new full-text retrieval,"Retained source-specific coding after review of the supplied extraction notes; not a new full-text retrieval. Six ML algorithms and WGCNA were used to derive a six-gene diagnostic panel; KNN performed best, with external human blood GSE42133 AUC 0.722 and local-sample AUC 0.781. External human validation is present but discrimination is moderate; mouse prefrontal-cortex validation is not counted as clinical external validation, and real-world replication remains needed."
Proposed only,Triage/questionnaire assessment,Pre-decision,Not observed in assessed sources,Prior source-specific extraction retained; no new full-text retrieval,"Retained source-specific coding after review of the supplied extraction notes; not a new full-text retrieval. The study compares LR, DT, RF, SVM, KNN, CNN and XGBoost on structured toddler/child/adult ASD screening data; XGBoost is reported as best and explanations are generated with LIME and SHAP. Very high reported performance is based on benchmark/combined structured screening data; no independent external cohort, site-held-out analysis or prospective clinical deployment was established in the accessible full text."
Research only,Automated measurement/classification,Not observed in assessed sources,Not observed in assessed sources,Prior source-specific extraction retained; no new full-text retrieval,"Retained source-specific coding after review of the supplied extraction notes; not a new full-text retrieval. 3D SD maps from ABIDE-I/II rs-fMRI were converted to 110 features and evaluated with LR, ridge, gradient boosting and XGBoost using 5-fold nested CV; LR achieved mean accuracy 70.71%. Nested cross-validation is methodologically stronger than a simple split but does not establish an independent/site-held-out external validation. Feature-contribution analysis was coded as partial interpretability, not strict XAI."
Proposed only,Triage/questionnaire assessment,Pre-decision,Not observed in assessed sources,Prior source-specific extraction retained; no new full-text retrieval,Child/toddler public datasets are not necessarily distinct clinical sites; geographic multisite provenance is not established.
Research only,Automated measurement/classification,Not observed in assessed sources,Not observed in assessed sources,Prior source-specific extraction retained; no new full-text retrieval,"Retained source-specific coding after review of the supplied extraction notes; not a new full-text retrieval. Ensembler_fMRI combines multiple AI techniques on fMRI data from ABIDE and ADHD-200 to distinguish ASD from ADHD; the abstract reports 98% accuracy. Use of multisite/multidataset repositories does not itself demonstrate held-out cross-site robustness or external validation; component model details are incomplete in the accessible abstract.
Do not infer mixed ML/DL from ensemble terminology."
Research only,Automated measurement/classification,Not observed in assessed sources,Not observed in assessed sources,Prior source-specific extraction retained; no new full-text retrieval,"Retained source-specific coding after review of the supplied extraction notes; not a new full-text retrieval. Human GEO transcriptomic data are used to identify HIF1A-related hub genes with ML; single-cell analysis and MIA mouse/cell experiments support mechanistic interpretation. Human data therefore prevent an animal-only exclusion. Animal/cell validation is mechanistic, not independent clinical external validation; the accessible abstract does not identify a site-held-out human validation design or the exact ML family used for hub-gene selection."
Proposed only,Triage/questionnaire assessment,Pre-decision,Not observed in assessed sources,Prior source-specific extraction retained; no new full-text retrieval,"Retained source-specific coding after review of the supplied extraction notes; not a new full-text retrieval. Retrospective analysis of 6,049 Chinese toddlers combines M-CHAT-R items with 17 sociodemographic/environmental factors, uses multiple feature-selection methods and six ML models, and derives a shortened screening measure. Derived from an existing validation cohort and not independently externally validated; strong sensitivity/specificity can coexist with low PPV in low-prevalence screening, so clinical utility should not be inferred from discrimination alone."
Research only,Automated measurement/classification,Not observed in assessed sources,Not observed in assessed sources,Prior source-specific extraction retained; no new full-text retrieval,"Retained source-specific coding after review of the supplied extraction notes; not a new full-text retrieval. A Polish-origin ASD/control cohort is analyzed with Boruta and Random Forest to prioritize genetic and phenotypic markers, including replication of rs10099100-related risk evidence. Single ancestry-specific cohort with no independent external validation; association/feature importance is not equivalent to prospective screening performance."
Proposed only,Triage/questionnaire assessment,Pre-decision,Not observed in assessed sources,Prior source-specific extraction retained; no new full-text retrieval,"Retained source-specific coding after review of the supplied extraction notes; not a new full-text retrieval. Uses Bayesian optimization to tune a Random Forest on behavioral, cognitive and demographic ASD variables; the paper reports very high classification performance. No independent external cohort, prospective deployment, or explicit explanation method was established; near-ceiling performance on structured ASD datasets requires careful leakage/selection-bias checks."
Research only,Automated measurement/classification,Not observed in assessed sources,Not observed in assessed sources,Prior source-specific extraction retained; no new full-text retrieval,"Retained source-specific coding after review of the supplied extraction notes; not a new full-text retrieval. An attention-based CNN/Squeeze-and-Excitation pipeline extracts fMRI features and feeds ML classifiers for ASD detection on ABIDE; very high accuracy is reported. ABIDE is multisite, but no explicit site-held-out or independent external evaluation was established. Architectural attention was not counted as XAI because no explanation analysis was demonstrated."
Research only,Risk/trajectory estimation,Not observed in assessed sources,Not observed in assessed sources,Prior source-specific extraction retained; no new full-text retrieval,Risk-factor identification without a demonstrated temporal forecast; genetic/environmental sources reported but predictive fusion not established.
Research only,Automated measurement/classification,Not observed in assessed sources,Not observed in assessed sources,Prior source-specific extraction retained; no new full-text retrieval,Retained source-specific coding after review of the supplied extraction notes; not a new full-text retrieval. DIA serum proteomics in 99 ASD and 70 control children yields an eight-protein ML model after bidirectional feature screening; ELISA follow-up is reported for LYZ. Leave-one-out validation is internal; ELISA confirmation of selected proteins is not an independent external cohort test. The sample is geographically limited and biomarker selection can be optimistic without nested external replication.
Research only,Automated measurement/classification,Not observed in assessed sources,Not observed in assessed sources,Prior source-specific extraction retained; no new full-text retrieval,"Retained source-specific coding after review of the supplied extraction notes; not a new full-text retrieval. Ada-MST learns adaptive multi-scale dynamic graph representations from ABIDE-I/II rs-fMRI and includes community-aware readout/visualization for ASD classification. ABIDE-I/II are multisite datasets, but no explicit held-out-site robustness design was established in the accessible report. Visualization was treated as partial interpretability, not strict XAI."
Proposed only,Triage/questionnaire assessment,Pre-decision,Not observed in assessed sources,Prior source-specific extraction retained; no new full-text retrieval,"Retained source-specific coding after review of the supplied extraction notes; not a new full-text retrieval. AutiScan fuses facial-expression, eye-gaze, speech-prosody and behavioral cues using CbRNN-EM and NCIAPPF temporal processing for early ASD identification. High-priority reporting inconsistency: the article describes experimental multimodal analyses, while the publisher Data Availability Statement says that no datasets were generated or analyzed. Independent source/sample and validation verification is required.
AutiScan fuses facial-expression, eye-gaze, speech-prosody and behavioral cues using CbRNN-EM and NCIAPPF temporal processing for early ASD identification. High-priority reporting inconsistency: the article describes experimental multimodal analyses, while the publisher Data Availability Statement says that no datasets were generated or analyzed. Independent source/sample and validation verification is required.
Material reporting/source-lineage inconsistency preserved; excluded in conservative sensitivity analysis."
Research only,Automated measurement/classification,Not observed in assessed sources,Not observed in assessed sources,Prior source-specific extraction retained; no new full-text retrieval,"Retained source-specific coding after review of the supplied extraction notes; not a new full-text retrieval. EEG from 60 children (30 ASD/30 TD) is processed with STFT/ICA and classified using CNN-LSTM; the paper reports 87.5% accuracy, while a ResNet baseline reports 89.1%. High-priority internal inconsistency: the abstract states that a 60-child EEG dataset was analyzed, while the publisher Data Availability Statement says no datasets were generated or analyzed. No external cohort or real-time prospective deployment was established.
EEG from 60 children (30 ASD/30 TD) is processed with STFT/ICA and classified using CNN-LSTM; the paper reports 87.5% accuracy, while a ResNet baseline reports 89.1%. High-priority internal inconsistency: the abstract states that a 60-child EEG dataset was analyzed, while the publisher Data Availability Statement says no datasets were generated or analyzed. No external cohort or real-time prospective deployment was established.
Material reporting/source-lineage inconsistency preserved; excluded in conservative sensitivity analysis.
All-neural/optimization pipeline in recovered evidence; hybrid title is not sufficient for mixed conventional-ML/DL classification."
Research only,Automated measurement/classification,Not observed in assessed sources,Not observed in assessed sources,Prior source-specific extraction retained; no new full-text retrieval,"Retained source-specific coding after review of the supplied extraction notes; not a new full-text retrieval. Mitochondrial-gene signatures are selected from GSE28521 using LASSO/RF/SVM-RFE and evaluated in GSE64018; ANN/linear/nomogram models are reported, with separate mouse qPCR support. External validation is dataset-level but remains retrospective transcriptomic validation; postmortem cortex limits direct clinical deployability, and mouse qPCR is not human clinical validation."
Research only,Automated measurement/classification,Not observed in assessed sources,Not observed in assessed sources,Prior source-specific extraction retained; no new full-text retrieval,"Retained source-specific coding after review of the supplied extraction notes; not a new full-text retrieval. Whole-blood DNA methylation data (52 ASD, 48 TD) are reduced using SVM-RFECV and classified with RF/XGBoost/DT; RF and XGBoost are reported as best-performing. Small single public dataset with no independent external cohort; feature selection and model evaluation on the same source can inflate biomarker optimism without external replication."
Proposed only,Automated measurement/classification,In-decision,Not observed in assessed sources,Prior source-specific extraction retained; no new full-text retrieval,"Retained source-specific coding after review of the supplied extraction notes; not a new full-text retrieval. A federated Transformer framework is evaluated on ABIDE- and SPARK-derived data with secure aggregation and model compression, reporting very high classification accuracy. Federated/multisite training is not equivalent to a held-out-site robustness test. The accessible evidence does not establish independent external or prospective clinical validation, and near-ceiling accuracy requires leakage/partition checks.
Multiple datasets are described but the recovered evidence does not establish a single primary source or participant-linked multisource fusion."
Proposed only,Triage/questionnaire assessment,Pre-decision,Not observed in assessed sources,Prior source-specific extraction retained; no new full-text retrieval,"Retained source-specific coding after review of the supplied extraction notes; not a new full-text retrieval. The ASA framework combines information-gain/Genetic-Algorithm feature selection with an optimized DNN and reports approximately 99% accuracy. High-priority source-lineage ambiguity: the title emphasizes blood biomarkers, whereas the article data-availability section lists a blood-biomarker source alongside UCI/Kaggle ASD screening datasets. Exact primary/fused dataset use should be verified from the methods before final RQ3 coding.
The ASA framework combines information-gain/Genetic-Algorithm feature selection with an optimized DNN and reports approximately 99% accuracy. High-priority source-lineage ambiguity: the title emphasizes blood biomarkers, whereas the article data-availability section lists a blood-biomarker source alongside UCI/Kaggle ASD screening datasets. Exact primary/fused dataset use should be verified from the methods before final RQ3 coding.
Material reporting/source-lineage inconsistency preserved; excluded in conservative sensitivity analysis."
Proposed only,Triage/questionnaire assessment,Pre-decision,Not observed in assessed sources,Prior source-specific extraction retained; no new full-text retrieval,"Retained source-specific coding after review of the supplied extraction notes; not a new full-text retrieval. BiLSTM-CGBO is trained on harmonized Kaggle/UCI behavioral screening data and uses SHAP for feature-level explanations of screening/severity outputs. The severity target is closely tied to deterministic behavioral scoring and is not an independently clinician-annotated diagnostic endpoint; no independent external clinical cohort is provided.
Harmonized Kaggle/UCI datasets do not establish distinct clinical sites; target tied to deterministic scoring."
Evaluated at point of use,Adaptive intervention,Post-decision,Post-decision,Prior source-specific extraction retained; no new full-text retrieval,"Retained source-specific coding after review of the supplied extraction notes; not a new full-text retrieval. CARAT uses MediaPipe landmarks, hybrid keyframe selection, 1D convolution and contrastive learning for real-time gesture recognition/correction; data were collected with healthy and autistic children and ASD recognition accuracy is reported at 96.42%. The study validates gesture-recognition performance, not therapeutic efficacy or durable social-skill improvement. Therefore the system is intervention-oriented but not coded as confirmed clinical intervention effectiveness.
Real-time robot prototype tested with ASD participants; point-of-use technical evaluation, not established treatment efficacy."
Evaluated at point of use,Monitoring/longitudinal analysis,Post-decision,Post-decision,Prior source-specific extraction retained; no new full-text retrieval,"Retained source-specific coding after review of the supplied extraction notes; not a new full-text retrieval. A smartwatch/cloud system combines deep-learning speaker diarization with heart-rate data; it was tested with formally diagnosed ASD participants and in naturalistic social-interaction recordings, supporting an actual monitoring workflow. Sample sizes are small and staged, and the work evaluates measurement/diarization rather than downstream clinical outcomes. Generalization across acoustic contexts, ages, devices and sites remains unproven."
